tenant_slug,site_slug,site_name,store_number,address,county,lat,lng,monitored,monitor_type,station_type,phase,iot_link_phase2,device_id,product,has_ct,location_class,template_id,driver_id,tag_prefix
circle-k-florida,ck-2701001,"Circle K #2701001 — Alachua",2701001,"100 FL-ALA Hwy, Alachua County, FL",alachua,29.758029688469534,-82.2683923947727,1,lift,dual_duplex,1,1,mv_ck_2701001,arduino opta mqtt parc,0,cstore,lift_station_dual_duplex,ck_2701001,CK001
circle-k-florida,ck-2701002,"Circle K #2701002 — Baker",2701002,"101 FL-BAK Hwy, Baker County, FL",baker,30.35353829468409,-82.36505076158718,1,lift,dual_duplex,1,1,mv_ck_2701002,arduino opta mqtt parc,1,cstore,lift_station_dual_duplex,ck_2701002,CK002
circle-k-florida,ck-2701003,"Circle K #2701003 — Bay",2701003,"102 FL-BAY Hwy, Bay County, FL",bay,30.213162241291414,-85.93273121481566,1,lift,dual_duplex,1,1,mv_ck_2701003,arduino opta mqtt parc,1,cstore,lift_station_dual_duplex,ck_2701003,CK003
circle-k-florida,ck-2701004,"Circle K #2701004 — Brevard",2701004,"103 FL-BRE Hwy, Brevard County, FL",brevard,28.218340258023133,-80.78272270731647,1,lift,dual_duplex,1,1,mv_ck_2701004,arduino opta mqtt parc,0,cstore,lift_station_dual_duplex,ck_2701004,CK004
circle-k-florida,ck-2701005,"Circle K #2701005 — Broward",2701005,"104 FL-BRO Hwy, Broward County, FL",broward,26.235207048708137,-79.97348547257072,1,lift,dual_duplex,1,1,mv_ck_2701005,arduino opta mqtt parc,1,cstore,lift_station_dual_duplex,ck_2701005,CK005
circle-k-florida,ck-2701006,"Circle K #2701006 — Charlotte",2701006,"105 FL-CHA Hwy, Charlotte County, FL",charlotte,26.99949479621058,-82.07238075491861,1,lift,dual_duplex,1,1,mv_ck_2701006,arduino opta mqtt parc,1,cstore,lift_station_dual_duplex,ck_2701006,CK006
circle-k-florida,ck-2701007,"Circle K #2701007 — Citrus",2701007,"106 FL-CIT Hwy, Citrus County, FL",citrus,28.849314561598156,-82.49493117699194,1,lift,dual_duplex,1,1,mv_ck_2701007,arduino opta mqtt parc,0,cstore,lift_station_dual_duplex,ck_2701007,CK007
circle-k-florida,ck-2701008,"Circle K #2701008 — Clay",2701008,"107 FL-CLA Hwy, Clay County, FL",clay,29.99220330960021,-81.79686052399943,1,lift,dual_duplex,1,1,mv_ck_2701008,arduino opta mqtt parc,1,cstore,lift_station_dual_duplex,ck_2701008,CK008
circle-k-florida,ck-2701009,"Circle K #2701009 — Collier",2701009,"108 FL-COL Hwy, Collier County, FL",collier,26.129621963458042,-81.2547139515422,1,lift,dual_duplex,1,1,mv_ck_2701009,arduino opta mqtt parc,1,cstore,lift_station_dual_duplex,ck_2701009,CK009
circle-k-florida,ck-2701010,"Circle K #2701010 — Columbia",2701010,"109 FL-COL Hwy, Columbia County, FL",columbia,30.055963284108135,-82.60770703364004,1,lift,dual_duplex,1,1,mv_ck_2701010,arduino opta mqtt parc,0,cstore,lift_station_dual_duplex,ck_2701010,CK010
circle-k-florida,ck-2701011,"Circle K #2701011 — Duval",2701011,"110 FL-DUV Hwy, Duval County, FL",duval,30.36431887821312,-81.54614484033908,1,lift,dual_duplex,1,1,mv_ck_2701011,arduino opta mqtt parc,1,cstore,lift_station_dual_duplex,ck_2701011,CK011
circle-k-florida,ck-2701012,"Circle K #2701012 — Escambia",2701012,"111 FL-ESC Hwy, Escambia County, FL",escambia,30.64789120569511,-87.35587430495733,1,lift,dual_duplex,1,1,mv_ck_2701012,arduino opta mqtt parc,1,cstore,lift_station_dual_duplex,ck_2701012,CK012
circle-k-florida,ck-2701013,"Circle K #2701013 — Flagler",2701013,"112 FL-FLA Hwy, Flagler County, FL",flagler,29.42646296824126,-81.40977000563844,1,lift,dual_duplex,1,1,mv_ck_2701013,arduino opta mqtt parc,0,cstore,lift_station_dual_duplex,ck_2701013,CK013
circle-k-florida,ck-2701014,"Circle K #2701014 — Hillsborough",2701014,"113 FL-HIL Hwy, Hillsborough County, FL",hillsborough,28.031172300943567,-82.51289146823767,1,lift,dual_duplex,1,1,mv_ck_2701014,arduino opta mqtt parc,1,cstore,lift_station_dual_duplex,ck_2701014,CK014
circle-k-florida,ck-2701015,"Circle K #2701015 — Indian River",2701015,"114 FL-IND Hwy, Indian River County, FL",indian-river,27.63828112559508,-80.56700461254573,1,lift,dual_duplex,1,1,mv_ck_2701015,arduino opta mqtt parc,1,cstore,lift_station_dual_duplex,ck_2701015,CK015
circle-k-florida,ck-2701016,"Circle K #2701016 — Lake",2701016,"115 FL-LAK Hwy, Lake County, FL",lake,28.73384196803712,-81.72219201861984,1,lift,dual_duplex,1,1,mv_ck_2701016,arduino opta mqtt parc,0,cstore,lift_station_dual_duplex,ck_2701016,CK016
circle-k-florida,ck-2701017,"Circle K #2701017 — Lee",2701017,"116 FL-LEE Hwy, Lee County, FL",lee,26.46223193712458,-81.80576185739831,1,lift,dual_duplex,1,1,mv_ck_2701017,arduino opta mqtt parc,1,cstore,lift_station_dual_duplex,ck_2701017,CK017
circle-k-florida,ck-2701018,"Circle K #2701018 — Leon",2701018,"117 FL-LEO Hwy, Leon County, FL",leon,30.628559228994533,-84.39144774627125,1,lift,dual_duplex,1,1,mv_ck_2701018,arduino opta mqtt parc,1,cstore,lift_station_dual_duplex,ck_2701018,CK018
circle-k-florida,ck-2701019,"Circle K #2701019 — Manatee",2701019,"118 FL-MAN Hwy, Manatee County, FL",manatee,27.552493831266386,-82.4777533214644,1,lift,dual_duplex,1,1,mv_ck_2701019,arduino opta mqtt parc,0,cstore,lift_station_dual_duplex,ck_2701019,CK019
circle-k-florida,ck-2701020,"Circle K #2701020 — Marion",2701020,"119 FL-MAR Hwy, Marion County, FL",marion,29.314944460703295,-82.11486257496072,1,lift,dual_duplex,1,1,mv_ck_2701020,arduino opta mqtt parc,1,cstore,lift_station_dual_duplex,ck_2701020,CK020
circle-k-florida,ck-2701021,"Circle K #2701021 — Martin",2701021,"120 FL-MAR Hwy, Martin County, FL",martin,27.174185819248464,-80.08694996040161,1,lift,dual_duplex,1,1,mv_ck_2701021,arduino opta mqtt parc,1,cstore,lift_station_dual_duplex,ck_2701021,CK021
circle-k-florida,ck-2701022,"Circle K #2701022 — Miami-Dade",2701022,"121 FL-MIA Hwy, Miami-Dade County, FL",miami-dade,25.45120958519268,-80.5780186087314,1,lift,dual_duplex,1,1,mv_ck_2701022,arduino opta mqtt parc,0,cstore,lift_station_dual_duplex,ck_2701022,CK022
circle-k-florida,ck-2701023,"Circle K #2701023 — Monroe",2701023,"122 FL-MON Hwy, Monroe County, FL",monroe,24.867821379880695,-81.03531035906394,1,lift,dual_duplex,1,1,mv_ck_2701023,arduino opta mqtt parc,1,cstore,lift_station_dual_duplex,ck_2701023,CK023
circle-k-florida,ck-2701024,"Circle K #2701024 — Nassau",2701024,"123 FL-NAS Hwy, Nassau County, FL",nassau,30.762733056981357,-81.59658386794378,1,lift,dual_duplex,1,1,mv_ck_2701024,arduino opta mqtt parc,1,cstore,lift_station_dual_duplex,ck_2701024,CK024
circle-k-florida,ck-2701025,"Circle K #2701025 — Okaloosa",2701025,"124 FL-OKA Hwy, Okaloosa County, FL",okaloosa,30.56885312885212,-86.73739589186279,1,lift,dual_duplex,1,1,mv_ck_2701025,arduino opta mqtt parc,0,cstore,lift_station_dual_duplex,ck_2701025,CK025
circle-k-florida,ck-2701026,"Circle K #2701026 — Orange",2701026,"125 FL-ORA Hwy, Orange County, FL",orange,28.607048120089587,-81.16271837956266,1,lift,dual_duplex,1,1,mv_ck_2701026,arduino opta mqtt parc,1,cstore,lift_station_dual_duplex,ck_2701026,CK026
circle-k-florida,ck-2701027,"Circle K #2701027 — Osceola",2701027,"126 FL-OSC Hwy, Osceola County, FL",osceola,27.923191655273463,-81.19413420425657,1,lift,dual_duplex,1,1,mv_ck_2701027,arduino opta mqtt parc,1,cstore,lift_station_dual_duplex,ck_2701027,CK027
circle-k-florida,ck-2701028,"Circle K #2701028 — Palm Beach",2701028,"127 FL-PAL Hwy, Palm Beach County, FL",palm-beach,26.791164062189154,-80.46789423854793,1,lift,dual_duplex,1,1,mv_ck_2701028,arduino opta mqtt parc,0,cstore,lift_station_dual_duplex,ck_2701028,CK028
circle-k-florida,ck-2701029,"Circle K #2701029 — Pasco",2701029,"128 FL-PAS Hwy, Pasco County, FL",pasco,28.194297852176923,-82.27152382580427,1,lift,dual_duplex,1,1,mv_ck_2701029,arduino opta mqtt parc,1,cstore,lift_station_dual_duplex,ck_2701029,CK029
circle-k-florida,ck-2701030,"Circle K #2701030 — Pinellas",2701030,"129 FL-PIN Hwy, Pinellas County, FL",pinellas,27.866296626908657,-82.86560867353327,1,lift,dual_duplex,1,1,mv_ck_2701030,arduino opta mqtt parc,1,cstore,lift_station_dual_duplex,ck_2701030,CK030
circle-k-florida,ck-2701031,"Circle K #2701031 — Polk",2701031,"130 FL-POL Hwy, Polk County, FL",polk,27.97028853270908,-81.85324507831645,1,lift,dual_duplex,1,1,mv_ck_2701031,arduino opta mqtt parc,0,cstore,lift_station_dual_duplex,ck_2701031,CK031
circle-k-florida,ck-2701032,"Circle K #2701032 — Putnam",2701032,"131 FL-PUT Hwy, Putnam County, FL",putnam,29.562713120185606,-81.84254634572802,1,lift,dual_duplex,1,1,mv_ck_2701032,arduino opta mqtt parc,1,cstore,lift_station_dual_duplex,ck_2701032,CK032
circle-k-florida,ck-2701033,"Circle K #2701033 — Santa Rosa",2701033,"132 FL-SAN Hwy, Santa Rosa County, FL",santa-rosa,30.59851252505035,-87.11817840902013,1,lift,dual_duplex,1,1,mv_ck_2701033,arduino opta mqtt parc,1,cstore,lift_station_dual_duplex,ck_2701033,CK033
circle-k-florida,ck-2701034,"Circle K #2701034 — Sarasota",2701034,"133 FL-SAR Hwy, Sarasota County, FL",sarasota,27.225553762451614,-82.20907581101135,1,lift,dual_duplex,1,1,mv_ck_2701034,arduino opta mqtt parc,0,cstore,lift_station_dual_duplex,ck_2701034,CK034
circle-k-florida,ck-2701035,"Circle K #2701035 — Seminole",2701035,"134 FL-SEM Hwy, Seminole County, FL",seminole,28.581101760353356,-81.32870440092287,1,lift,dual_duplex,1,1,mv_ck_2701035,arduino opta mqtt parc,1,cstore,lift_station_dual_duplex,ck_2701035,CK035
circle-k-florida,ck-2701036,"Circle K #2701036 — St. Johns",2701036,"135 FL-ST- Hwy, St. Johns County, FL",st-johns,29.94986973212615,-81.3801399535773,1,lift,dual_duplex,1,1,mv_ck_2701036,arduino opta mqtt parc,1,cstore,lift_station_dual_duplex,ck_2701036,CK036
circle-k-florida,ck-2701037,"Circle K #2701037 — St. Lucie",2701037,"136 FL-ST- Hwy, St. Lucie County, FL",st-lucie,27.538230294282904,-80.50739163754317,1,lift,dual_duplex,1,1,mv_ck_2701037,arduino opta mqtt parc,0,cstore,lift_station_dual_duplex,ck_2701037,CK037
circle-k-florida,ck-2701038,"Circle K #2701038 — Sumter",2701038,"137 FL-SUM Hwy, Sumter County, FL",sumter,28.629091445354483,-82.0949739633244,1,lift,dual_duplex,1,1,mv_ck_2701038,arduino opta mqtt parc,1,cstore,lift_station_dual_duplex,ck_2701038,CK038
circle-k-florida,ck-2701039,"Circle K #2701039 — Volusia",2701039,"138 FL-VOL Hwy, Volusia County, FL",volusia,28.974754679631957,-81.15816079316637,1,lift,dual_duplex,1,1,mv_ck_2701039,arduino opta mqtt parc,1,cstore,lift_station_dual_duplex,ck_2701039,CK039
circle-k-florida,ck-2701040,"Circle K #2701040 — Walton",2701040,"139 FL-WAL Hwy, Walton County, FL",walton,30.70978034558169,-86.1112310785103,1,lift,dual_duplex,1,1,mv_ck_2701040,arduino opta mqtt parc,0,cstore,lift_station_dual_duplex,ck_2701040,CK040
circle-k-florida,ck-2701041,"Circle K #2701041 — Alachua",2701041,"140 FL-ALA Hwy, Alachua County, FL",alachua,29.79789759517282,-82.25174322771238,1,lift,dual_duplex,1,1,mv_ck_2701041,arduino opta mqtt parc,1,cstore,lift_station_dual_duplex,ck_2701041,CK041
circle-k-florida,ck-2701042,"Circle K #2701042 — Baker",2701042,"141 FL-BAK Hwy, Baker County, FL",baker,30.379942239391543,-82.28834744603854,1,lift,dual_duplex,1,1,mv_ck_2701042,arduino opta mqtt parc,1,cstore,lift_station_dual_duplex,ck_2701042,CK042
circle-k-florida,ck-2701043,"Circle K #2701043 — Bay",2701043,"142 FL-BAY Hwy, Bay County, FL",bay,30.08198678646286,-86.02793878441048,1,lift,dual_duplex,1,1,mv_ck_2701043,arduino opta mqtt parc,0,cstore,lift_station_dual_duplex,ck_2701043,CK043
circle-k-florida,ck-2701044,"Circle K #2701044 — Brevard",2701044,"143 FL-BRE Hwy, Brevard County, FL",brevard,28.29731215704091,-80.61137844320707,1,lift,dual_duplex,1,1,mv_ck_2701044,arduino opta mqtt parc,1,cstore,lift_station_dual_duplex,ck_2701044,CK044
circle-k-florida,ck-2701045,"Circle K #2701045 — Broward",2701045,"144 FL-BRO Hwy, Broward County, FL",broward,26.23003810791158,-80.22438065882486,1,lift,dual_duplex,1,1,mv_ck_2701045,arduino opta mqtt parc,1,cstore,lift_station_dual_duplex,ck_2701045,CK045
circle-k-florida,ck-2701046,"Circle K #2701046 — Charlotte",2701046,"145 FL-CHA Hwy, Charlotte County, FL",charlotte,26.994445169198695,-81.89416608149607,1,lift,dual_duplex,1,1,mv_ck_2701046,arduino opta mqtt parc,0,cstore,lift_station_dual_duplex,ck_2701046,CK046
circle-k-florida,ck-2701047,"Circle K #2701047 — Citrus",2701047,"146 FL-CIT Hwy, Citrus County, FL",citrus,28.703981969280946,-82.34733489155506,1,lift,dual_duplex,1,1,mv_ck_2701047,arduino opta mqtt parc,1,cstore,lift_station_dual_duplex,ck_2701047,CK047
circle-k-florida,ck-2701048,"Circle K #2701048 — Clay",2701048,"147 FL-CLA Hwy, Clay County, FL",clay,29.960621070917828,-81.95394638606345,1,lift,dual_duplex,1,1,mv_ck_2701048,arduino opta mqtt parc,1,cstore,lift_station_dual_duplex,ck_2701048,CK048
circle-k-florida,ck-2701049,"Circle K #2701049 — Collier",2701049,"148 FL-COL Hwy, Collier County, FL",collier,26.291825966074494,-81.40450487455512,1,lift,dual_duplex,1,1,mv_ck_2701049,arduino opta mqtt parc,0,cstore,lift_station_dual_duplex,ck_2701049,CK049
circle-k-florida,ck-2701050,"Circle K #2701050 — Columbia",2701050,"149 FL-COL Hwy, Columbia County, FL",columbia,30.3666924854597,-82.74282517238315,1,lift,dual_duplex,1,1,mv_ck_2701050,arduino opta mqtt parc,1,cstore,lift_station_dual_duplex,ck_2701050,CK050
circle-k-florida,ck-2701051,"Circle K #2701051 — Duval",2701051,"150 FL-DUV Hwy, Duval County, FL",duval,30.32552479127356,-81.71066287819947,1,lift,dual_duplex,1,1,mv_ck_2701051,arduino opta mqtt parc,1,cstore,lift_station_dual_duplex,ck_2701051,CK051
circle-k-florida,ck-2701052,"Circle K #2701052 — Escambia",2701052,"151 FL-ESC Hwy, Escambia County, FL",escambia,30.556918474581185,-87.4824878705611,1,lift,dual_duplex,1,1,mv_ck_2701052,arduino opta mqtt parc,0,cstore,lift_station_dual_duplex,ck_2701052,CK052
circle-k-florida,ck-2701053,"Circle K #2701053 — Flagler",2701053,"152 FL-FLA Hwy, Flagler County, FL",flagler,29.45785897984659,-81.40998961360737,1,lift,dual_duplex,1,1,mv_ck_2701053,arduino opta mqtt parc,1,cstore,lift_station_dual_duplex,ck_2701053,CK053
circle-k-florida,ck-2701054,"Circle K #2701054 — Hillsborough",2701054,"153 FL-HIL Hwy, Hillsborough County, FL",hillsborough,27.760812971066645,-82.27440853811152,1,lift,dual_duplex,1,1,mv_ck_2701054,arduino opta mqtt parc,1,cstore,lift_station_dual_duplex,ck_2701054,CK054
circle-k-florida,ck-2701055,"Circle K #2701055 — Indian River",2701055,"154 FL-IND Hwy, Indian River County, FL",indian-river,27.837644796893205,-80.6950723663073,1,lift,dual_duplex,1,1,mv_ck_2701055,arduino opta mqtt parc,0,cstore,lift_station_dual_duplex,ck_2701055,CK055
circle-k-florida,ck-2701056,"Circle K #2701056 — Lake",2701056,"155 FL-LAK Hwy, Lake County, FL",lake,28.68881141246196,-81.78267677894395,1,lift,dual_duplex,1,1,mv_ck_2701056,arduino opta mqtt parc,1,cstore,lift_station_dual_duplex,ck_2701056,CK056
circle-k-florida,ck-2701057,"Circle K #2701057 — Lee",2701057,"156 FL-LEE Hwy, Lee County, FL",lee,26.498398281164103,-81.77446495934821,1,lift,dual_duplex,1,1,mv_ck_2701057,arduino opta mqtt parc,1,cstore,lift_station_dual_duplex,ck_2701057,CK057
circle-k-florida,ck-2701058,"Circle K #2701058 — Leon",2701058,"157 FL-LEO Hwy, Leon County, FL",leon,30.49885542983703,-84.3645266488627,1,lift,dual_duplex,1,1,mv_ck_2701058,arduino opta mqtt parc,0,cstore,lift_station_dual_duplex,ck_2701058,CK058
circle-k-florida,ck-2701059,"Circle K #2701059 — Manatee",2701059,"158 FL-MAN Hwy, Manatee County, FL",manatee,27.512098584399887,-82.41255156983199,1,lift,dual_duplex,1,1,mv_ck_2701059,arduino opta mqtt parc,1,cstore,lift_station_dual_duplex,ck_2701059,CK059
circle-k-florida,ck-2701060,"Circle K #2701060 — Marion",2701060,"159 FL-MAR Hwy, Marion County, FL",marion,29.19177156888883,-82.19217444482629,1,lift,dual_duplex,1,1,mv_ck_2701060,arduino opta mqtt parc,1,cstore,lift_station_dual_duplex,ck_2701060,CK060
circle-k-florida,ck-2701061,"Circle K #2701061 — Martin",2701061,"160 FL-MAR Hwy, Martin County, FL",martin,26.9752056405099,-80.06524812480333,1,lift,dual_duplex,1,1,mv_ck_2701061,arduino opta mqtt parc,0,cstore,lift_station_dual_duplex,ck_2701061,CK061
circle-k-florida,ck-2701062,"Circle K #2701062 — Miami-Dade",2701062,"161 FL-MIA Hwy, Miami-Dade County, FL",miami-dade,25.765071871329145,-80.40384796244477,1,lift,dual_duplex,1,1,mv_ck_2701062,arduino opta mqtt parc,1,cstore,lift_station_dual_duplex,ck_2701062,CK062
circle-k-florida,ck-2701063,"Circle K #2701063 — Monroe",2701063,"162 FL-MON Hwy, Monroe County, FL",monroe,24.98246542427264,-81.10928614519449,1,lift,dual_duplex,1,1,mv_ck_2701063,arduino opta mqtt parc,1,cstore,lift_station_dual_duplex,ck_2701063,CK063
circle-k-florida,ck-2701064,"Circle K #2701064 — Nassau",2701064,"163 FL-NAS Hwy, Nassau County, FL",nassau,30.484831934062765,-81.83990784060414,1,lift,dual_duplex,1,1,mv_ck_2701064,arduino opta mqtt parc,0,cstore,lift_station_dual_duplex,ck_2701064,CK064
circle-k-florida,ck-2701065,"Circle K #2701065 — Okaloosa",2701065,"164 FL-OKA Hwy, Okaloosa County, FL",okaloosa,30.733782657878386,-86.68221887232538,1,lift,dual_duplex,1,1,mv_ck_2701065,arduino opta mqtt parc,1,cstore,lift_station_dual_duplex,ck_2701065,CK065
circle-k-florida,ck-2701066,"Circle K #2701066 — Orange",2701066,"165 FL-ORA Hwy, Orange County, FL",orange,28.367587918218728,-81.42454957467564,1,lift,dual_duplex,1,1,mv_ck_2701066,arduino opta mqtt parc,1,cstore,lift_station_dual_duplex,ck_2701066,CK066
circle-k-florida,ck-2701067,"Circle K #2701067 — Osceola",2701067,"166 FL-OSC Hwy, Osceola County, FL",osceola,28.214577810145553,-81.07264100196696,1,lift,dual_duplex,1,1,mv_ck_2701067,arduino opta mqtt parc,0,cstore,lift_station_dual_duplex,ck_2701067,CK067
circle-k-florida,ck-2701068,"Circle K #2701068 — Palm Beach",2701068,"167 FL-PAL Hwy, Palm Beach County, FL",palm-beach,26.65803577842905,-80.50164528484697,1,lift,dual_duplex,1,1,mv_ck_2701068,arduino opta mqtt parc,1,cstore,lift_station_dual_duplex,ck_2701068,CK068
circle-k-florida,ck-2701069,"Circle K #2701069 — Pasco",2701069,"168 FL-PAS Hwy, Pasco County, FL",pasco,28.27197737062709,-82.5370267582388,1,lift,dual_duplex,1,1,mv_ck_2701069,arduino opta mqtt parc,1,cstore,lift_station_dual_duplex,ck_2701069,CK069
circle-k-florida,ck-2701070,"Circle K #2701070 — Pinellas",2701070,"169 FL-PIN Hwy, Pinellas County, FL",pinellas,27.9550925327313,-82.844452787919,1,lift,dual_duplex,1,1,mv_ck_2701070,arduino opta mqtt parc,0,cstore,lift_station_dual_duplex,ck_2701070,CK070
circle-k-florida,ck-2701071,"Circle K #2701071 — Polk",2701071,"170 FL-POL Hwy, Polk County, FL",polk,27.929520744696173,-82.00743303534102,1,lift,dual_duplex,1,1,mv_ck_2701071,arduino opta mqtt parc,1,cstore,lift_station_dual_duplex,ck_2701071,CK071
circle-k-florida,ck-2701072,"Circle K #2701072 — Putnam",2701072,"171 FL-PUT Hwy, Putnam County, FL",putnam,29.596452670180575,-81.90493403354725,1,lift,dual_duplex,1,1,mv_ck_2701072,arduino opta mqtt parc,1,cstore,lift_station_dual_duplex,ck_2701072,CK072
circle-k-florida,ck-2701073,"Circle K #2701073 — Santa Rosa",2701073,"172 FL-SAN Hwy, Santa Rosa County, FL",santa-rosa,30.458665117119228,-86.88361781809444,1,lift,dual_duplex,1,1,mv_ck_2701073,arduino opta mqtt parc,0,cstore,lift_station_dual_duplex,ck_2701073,CK073
circle-k-florida,ck-2701074,"Circle K #2701074 — Sarasota",2701074,"173 FL-SAR Hwy, Sarasota County, FL",sarasota,27.28115977220839,-82.51946120685041,1,lift,dual_duplex,1,1,mv_ck_2701074,arduino opta mqtt parc,1,cstore,lift_station_dual_duplex,ck_2701074,CK074
circle-k-florida,ck-2701075,"Circle K #2701075 — Seminole",2701075,"174 FL-SEM Hwy, Seminole County, FL",seminole,28.657600817179972,-81.22531346964018,1,lift,dual_duplex,1,1,mv_ck_2701075,arduino opta mqtt parc,1,cstore,lift_station_dual_duplex,ck_2701075,CK075
circle-k-florida,ck-2701076,"Circle K #2701076 — St. Johns",2701076,"175 FL-ST- Hwy, St. Johns County, FL",st-johns,29.808543317802084,-81.30107661636836,1,lift,dual_duplex,1,1,mv_ck_2701076,arduino opta mqtt parc,0,cstore,lift_station_dual_duplex,ck_2701076,CK076
circle-k-florida,ck-2701077,"Circle K #2701077 — St. Lucie",2701077,"176 FL-ST- Hwy, St. Lucie County, FL",st-lucie,27.488869638973437,-80.21492081577273,1,lift,dual_duplex,1,1,mv_ck_2701077,arduino opta mqtt parc,1,cstore,lift_station_dual_duplex,ck_2701077,CK077
circle-k-florida,ck-2701078,"Circle K #2701078 — Sumter",2701078,"177 FL-SUM Hwy, Sumter County, FL",sumter,28.88502094521845,-81.96992609081913,1,lift,dual_duplex,1,1,mv_ck_2701078,arduino opta mqtt parc,1,cstore,lift_station_dual_duplex,ck_2701078,CK078
circle-k-florida,ck-2701079,"Circle K #2701079 — Volusia",2701079,"178 FL-VOL Hwy, Volusia County, FL",volusia,28.97700825879129,-81.1947684667824,1,lift,dual_duplex,1,1,mv_ck_2701079,arduino opta mqtt parc,0,cstore,lift_station_dual_duplex,ck_2701079,CK079
circle-k-florida,ck-2701080,"Circle K #2701080 — Walton",2701080,"179 FL-WAL Hwy, Walton County, FL",walton,30.46652971648358,-86.22651873359895,1,lift,dual_duplex,1,1,mv_ck_2701080,arduino opta mqtt parc,1,cstore,lift_station_dual_duplex,ck_2701080,CK080
circle-k-florida,ck-2701081,"Circle K #2701081 — Alachua",2701081,"180 FL-ALA Hwy, Alachua County, FL",alachua,29.68473649686914,-82.30971438626806,1,lift,dual_duplex,1,1,mv_ck_2701081,arduino opta mqtt parc,1,cstore,lift_station_dual_duplex,ck_2701081,CK081
circle-k-florida,ck-2701082,"Circle K #2701082 — Baker",2701082,"181 FL-BAK Hwy, Baker County, FL",baker,30.288834380904795,-82.33082510707135,1,lift,dual_duplex,1,1,mv_ck_2701082,arduino opta mqtt parc,0,cstore,lift_station_dual_duplex,ck_2701082,CK082
circle-k-florida,ck-2701083,"Circle K #2701083 — Bay",2701083,"182 FL-BAY Hwy, Bay County, FL",bay,30.293130949656465,-85.8827579270152,1,lift,dual_duplex,1,1,mv_ck_2701083,arduino opta mqtt parc,1,cstore,lift_station_dual_duplex,ck_2701083,CK083
circle-k-florida,ck-2701084,"Circle K #2701084 — Brevard",2701084,"183 FL-BRE Hwy, Brevard County, FL",brevard,28.39078244537545,-80.55657485275748,1,lift,dual_duplex,1,1,mv_ck_2701084,arduino opta mqtt parc,1,cstore,lift_station_dual_duplex,ck_2701084,CK084
circle-k-florida,ck-2701085,"Circle K #2701085 — Broward",2701085,"184 FL-BRO Hwy, Broward County, FL",broward,26.16458032675825,-80.26419155797663,1,lift,dual_duplex,1,1,mv_ck_2701085,arduino opta mqtt parc,0,cstore,lift_station_dual_duplex,ck_2701085,CK085
circle-k-florida,ck-2701086,"Circle K #2701086 — Charlotte",2701086,"185 FL-CHA Hwy, Charlotte County, FL",charlotte,26.950843491166175,-81.98755564162708,1,lift,dual_duplex,1,1,mv_ck_2701086,arduino opta mqtt parc,1,cstore,lift_station_dual_duplex,ck_2701086,CK086
circle-k-florida,ck-2701087,"Circle K #2701087 — Citrus",2701087,"186 FL-CIT Hwy, Citrus County, FL",citrus,28.718411199973385,-82.53928673078917,1,lift,dual_duplex,1,1,mv_ck_2701087,arduino opta mqtt parc,1,cstore,lift_station_dual_duplex,ck_2701087,CK087
circle-k-florida,ck-2701088,"Circle K #2701088 — Clay",2701088,"187 FL-CLA Hwy, Clay County, FL",clay,29.969455659079344,-82.02647162505022,1,lift,dual_duplex,1,1,mv_ck_2701088,arduino opta mqtt parc,0,cstore,lift_station_dual_duplex,ck_2701088,CK088
circle-k-florida,ck-2701089,"Circle K #2701089 — Collier",2701089,"188 FL-COL Hwy, Collier County, FL",collier,26.1506320943409,-81.4685460132476,1,lift,dual_duplex,1,1,mv_ck_2701089,arduino opta mqtt parc,1,cstore,lift_station_dual_duplex,ck_2701089,CK089
circle-k-florida,ck-2701090,"Circle K #2701090 — Columbia",2701090,"189 FL-COL Hwy, Columbia County, FL",columbia,30.109852590026616,-82.65419893037405,1,lift,dual_duplex,1,1,mv_ck_2701090,arduino opta mqtt parc,1,cstore,lift_station_dual_duplex,ck_2701090,CK090
circle-k-florida,ck-2701091,"Circle K #2701091 — Duval",2701091,"190 FL-DUV Hwy, Duval County, FL",duval,30.252261381529237,-81.75564585026484,1,lift,dual_duplex,1,1,mv_ck_2701091,arduino opta mqtt parc,0,cstore,lift_station_dual_duplex,ck_2701091,CK091
circle-k-florida,ck-2701092,"Circle K #2701092 — Escambia",2701092,"191 FL-ESC Hwy, Escambia County, FL",escambia,30.760984183576497,-87.189048080453,1,lift,dual_duplex,1,1,mv_ck_2701092,arduino opta mqtt parc,1,cstore,lift_station_dual_duplex,ck_2701092,CK092
circle-k-florida,ck-2701093,"Circle K #2701093 — Flagler",2701093,"192 FL-FLA Hwy, Flagler County, FL",flagler,29.50249418803172,-81.20319216293328,1,lift,dual_duplex,1,1,mv_ck_2701093,arduino opta mqtt parc,1,cstore,lift_station_dual_duplex,ck_2701093,CK093
circle-k-florida,ck-2701094,"Circle K #2701094 — Hillsborough",2701094,"193 FL-HIL Hwy, Hillsborough County, FL",hillsborough,27.96595267653609,-82.47384564717879,1,lift,dual_duplex,1,1,mv_ck_2701094,arduino opta mqtt parc,0,cstore,lift_station_dual_duplex,ck_2701094,CK094
circle-k-florida,ck-2701095,"Circle K #2701095 — Indian River",2701095,"194 FL-IND Hwy, Indian River County, FL",indian-river,27.81361812704394,-80.47790888868425,1,lift,dual_duplex,1,1,mv_ck_2701095,arduino opta mqtt parc,1,cstore,lift_station_dual_duplex,ck_2701095,CK095
circle-k-florida,ck-2701096,"Circle K #2701096 — Lake",2701096,"195 FL-LAK Hwy, Lake County, FL",lake,28.710670309269457,-81.72742611926472,1,lift,dual_duplex,1,1,mv_ck_2701096,arduino opta mqtt parc,1,cstore,lift_station_dual_duplex,ck_2701096,CK096
circle-k-florida,ck-2701097,"Circle K #2701097 — Lee",2701097,"196 FL-LEE Hwy, Lee County, FL",lee,26.672624110960786,-81.89295228357571,1,lift,dual_duplex,1,1,mv_ck_2701097,arduino opta mqtt parc,0,cstore,lift_station_dual_duplex,ck_2701097,CK097
circle-k-florida,ck-2701098,"Circle K #2701098 — Leon",2701098,"197 FL-LEO Hwy, Leon County, FL",leon,30.443560234072,-84.21350881312787,1,lift,dual_duplex,1,1,mv_ck_2701098,arduino opta mqtt parc,1,cstore,lift_station_dual_duplex,ck_2701098,CK098
circle-k-florida,ck-2701099,"Circle K #2701099 — Manatee",2701099,"198 FL-MAN Hwy, Manatee County, FL",manatee,27.397918605734688,-82.39622735693222,1,lift,dual_duplex,1,1,mv_ck_2701099,arduino opta mqtt parc,1,cstore,lift_station_dual_duplex,ck_2701099,CK099
circle-k-florida,ck-2701100,"Circle K #2701100 — Marion",2701100,"199 FL-MAR Hwy, Marion County, FL",marion,29.21814645021815,-82.07205564730876,1,lift,dual_duplex,1,1,mv_ck_2701100,arduino opta mqtt parc,0,cstore,lift_station_dual_duplex,ck_2701100,CK100
circle-k-florida,ck-2701101,"Circle K #2701101 — Martin",2701101,"200 FL-MAR Hwy, Martin County, FL",martin,26.889456042316827,-80.15602474607867,1,lift,dual_duplex,1,1,mv_ck_2701101,arduino opta mqtt parc,1,cstore,lift_station_dual_duplex,ck_2701101,CK101
circle-k-florida,ck-2701102,"Circle K #2701102 — Miami-Dade",2701102,"201 FL-MIA Hwy, Miami-Dade County, FL",miami-dade,25.560275750484596,-80.59101200633457,1,lift,dual_duplex,1,1,mv_ck_2701102,arduino opta mqtt parc,1,cstore,lift_station_dual_duplex,ck_2701102,CK102
circle-k-florida,ck-2701103,"Circle K #2701103 — Monroe",2701103,"202 FL-MON Hwy, Monroe County, FL",monroe,24.956392536350947,-81.17049254801654,1,lift,dual_duplex,1,1,mv_ck_2701103,arduino opta mqtt parc,0,cstore,lift_station_dual_duplex,ck_2701103,CK103
circle-k-florida,ck-2701104,"Circle K #2701104 — Nassau",2701104,"203 FL-NAS Hwy, Nassau County, FL",nassau,30.50361725092938,-81.64129137068791,1,lift,dual_duplex,1,1,mv_ck_2701104,arduino opta mqtt parc,1,cstore,lift_station_dual_duplex,ck_2701104,CK104
circle-k-florida,ck-2701105,"Circle K #2701105 — Okaloosa",2701105,"204 FL-OKA Hwy, Okaloosa County, FL",okaloosa,30.807409403621357,-86.57845442782398,1,lift,dual_duplex,1,1,mv_ck_2701105,arduino opta mqtt parc,1,cstore,lift_station_dual_duplex,ck_2701105,CK105
circle-k-florida,ck-2701106,"Circle K #2701106 — Orange",2701106,"205 FL-ORA Hwy, Orange County, FL",orange,28.566330635150972,-81.29294994769045,1,lift,dual_duplex,1,1,mv_ck_2701106,arduino opta mqtt parc,0,cstore,lift_station_dual_duplex,ck_2701106,CK106
circle-k-florida,ck-2701107,"Circle K #2701107 — Osceola",2701107,"206 FL-OSC Hwy, Osceola County, FL",osceola,28.1347388197993,-81.27108020691064,1,lift,dual_duplex,1,1,mv_ck_2701107,arduino opta mqtt parc,1,cstore,lift_station_dual_duplex,ck_2701107,CK107
circle-k-florida,ck-2701108,"Circle K #2701108 — Palm Beach",2701108,"207 FL-PAL Hwy, Palm Beach County, FL",palm-beach,26.49562051327509,-80.46803733300571,1,lift,dual_duplex,1,1,mv_ck_2701108,arduino opta mqtt parc,1,cstore,lift_station_dual_duplex,ck_2701108,CK108
circle-k-florida,ck-2701109,"Circle K #2701109 — Pasco",2701109,"208 FL-PAS Hwy, Pasco County, FL",pasco,28.368210827816828,-82.25982154608775,1,lift,dual_duplex,1,1,mv_ck_2701109,arduino opta mqtt parc,0,cstore,lift_station_dual_duplex,ck_2701109,CK109
circle-k-florida,ck-2701110,"Circle K #2701110 — Pinellas",2701110,"209 FL-PIN Hwy, Pinellas County, FL",pinellas,28.075043057925082,-82.6153907720296,1,lift,dual_duplex,1,1,mv_ck_2701110,arduino opta mqtt parc,1,cstore,lift_station_dual_duplex,ck_2701110,CK110
circle-k-florida,ck-2701111,"Circle K #2701111 — Polk",2701111,"210 FL-POL Hwy, Polk County, FL",polk,27.974810795830898,-81.7856131005901,1,lift,dual_duplex,1,1,mv_ck_2701111,arduino opta mqtt parc,1,cstore,lift_station_dual_duplex,ck_2701111,CK111
circle-k-florida,ck-2701112,"Circle K #2701112 — Putnam",2701112,"211 FL-PUT Hwy, Putnam County, FL",putnam,29.623504762474408,-81.87368965881554,1,lift,dual_duplex,1,1,mv_ck_2701112,arduino opta mqtt parc,0,cstore,lift_station_dual_duplex,ck_2701112,CK112
circle-k-florida,ck-2701113,"Circle K #2701113 — Santa Rosa",2701113,"212 FL-SAN Hwy, Santa Rosa County, FL",santa-rosa,30.678629775199656,-87.08174503396413,1,lift,dual_duplex,1,1,mv_ck_2701113,arduino opta mqtt parc,1,cstore,lift_station_dual_duplex,ck_2701113,CK113
circle-k-florida,ck-2701114,"Circle K #2701114 — Sarasota",2701114,"213 FL-SAR Hwy, Sarasota County, FL",sarasota,27.243004668316804,-82.17621319309544,1,lift,dual_duplex,1,1,mv_ck_2701114,arduino opta mqtt parc,1,cstore,lift_station_dual_duplex,ck_2701114,CK114
circle-k-florida,ck-2701115,"Circle K #2701115 — Seminole",2701115,"214 FL-SEM Hwy, Seminole County, FL",seminole,28.87783286366759,-81.13655539153528,1,lift,dual_duplex,1,1,mv_ck_2701115,arduino opta mqtt parc,0,cstore,lift_station_dual_duplex,ck_2701115,CK115
circle-k-florida,ck-2701116,"Circle K #2701116 — St. Johns",2701116,"215 FL-ST- Hwy, St. Johns County, FL",st-johns,30.04612423526721,-81.31680102008907,1,lift,dual_duplex,1,1,mv_ck_2701116,arduino opta mqtt parc,1,cstore,lift_station_dual_duplex,ck_2701116,CK116
circle-k-florida,ck-2701117,"Circle K #2701117 — St. Lucie",2701117,"216 FL-ST- Hwy, St. Lucie County, FL",st-lucie,27.21256658349662,-80.24981453547153,1,lift,dual_duplex,1,1,mv_ck_2701117,arduino opta mqtt parc,1,cstore,lift_station_dual_duplex,ck_2701117,CK117
circle-k-florida,ck-2701118,"Circle K #2701118 — Sumter",2701118,"217 FL-SUM Hwy, Sumter County, FL",sumter,28.828624957786623,-82.19804398821756,1,lift,dual_duplex,1,1,mv_ck_2701118,arduino opta mqtt parc,0,cstore,lift_station_dual_duplex,ck_2701118,CK118
circle-k-florida,ck-2701119,"Circle K #2701119 — Volusia",2701119,"218 FL-VOL Hwy, Volusia County, FL",volusia,29.198927238654466,-81.38763369844192,1,lift,dual_duplex,1,1,mv_ck_2701119,arduino opta mqtt parc,1,cstore,lift_station_dual_duplex,ck_2701119,CK119
circle-k-florida,ck-2701120,"Circle K #2701120 — Walton",2701120,"219 FL-WAL Hwy, Walton County, FL",walton,30.547095699630006,-86.10261570009547,1,lift,dual_duplex,1,1,mv_ck_2701120,arduino opta mqtt parc,1,cstore,lift_station_dual_duplex,ck_2701120,CK120
circle-k-florida,ck-2701121,"Circle K #2701121 — Alachua",2701121,"220 FL-ALA Hwy, Alachua County, FL",alachua,29.55091110019732,-82.43401280896981,1,lift,dual_duplex,1,1,mv_ck_2701121,arduino opta mqtt parc,0,cstore,lift_station_dual_duplex,ck_2701121,CK121
circle-k-florida,ck-2701122,"Circle K #2701122 — Baker",2701122,"221 FL-BAK Hwy, Baker County, FL",baker,30.505357091052296,-82.3139986868542,1,lift,dual_duplex,1,1,mv_ck_2701122,arduino opta mqtt parc,1,cstore,lift_station_dual_duplex,ck_2701122,CK122
circle-k-florida,ck-2701123,"Circle K #2701123 — Bay",2701123,"222 FL-BAY Hwy, Bay County, FL",bay,30.261454135250737,-85.9915990857301,1,lift,dual_duplex,1,1,mv_ck_2701123,arduino opta mqtt parc,1,cstore,lift_station_dual_duplex,ck_2701123,CK123
circle-k-florida,ck-2701124,"Circle K #2701124 — Brevard",2701124,"223 FL-BRE Hwy, Brevard County, FL",brevard,28.37959075697258,-80.70783364577517,1,lift,dual_duplex,1,1,mv_ck_2701124,arduino opta mqtt parc,0,cstore,lift_station_dual_duplex,ck_2701124,CK124
circle-k-florida,ck-2701125,"Circle K #2701125 — Broward",2701125,"224 FL-BRO Hwy, Broward County, FL",broward,26.158187275619888,-80.09130993978522,1,lift,dual_duplex,1,1,mv_ck_2701125,arduino opta mqtt parc,1,cstore,lift_station_dual_duplex,ck_2701125,CK125
circle-k-florida,ck-2701126,"Circle K #2701126 — Charlotte",2701126,"225 FL-CHA Hwy, Charlotte County, FL",charlotte,27.000830561368854,-81.9509357170615,1,lift,dual_duplex,1,1,mv_ck_2701126,arduino opta mqtt parc,1,cstore,lift_station_dual_duplex,ck_2701126,CK126
circle-k-florida,ck-2701127,"Circle K #2701127 — Citrus",2701127,"226 FL-CIT Hwy, Citrus County, FL",citrus,28.880188569736557,-82.38376866469835,1,lift,dual_duplex,1,1,mv_ck_2701127,arduino opta mqtt parc,0,cstore,lift_station_dual_duplex,ck_2701127,CK127
circle-k-florida,ck-2701128,"Circle K #2701128 — Clay",2701128,"227 FL-CLA Hwy, Clay County, FL",clay,29.9160919550295,-81.87076436919328,1,lift,dual_duplex,1,1,mv_ck_2701128,arduino opta mqtt parc,1,cstore,lift_station_dual_duplex,ck_2701128,CK128
circle-k-florida,ck-2701129,"Circle K #2701129 — Collier",2701129,"228 FL-COL Hwy, Collier County, FL",collier,26.014359485018097,-81.29999728970782,1,lift,dual_duplex,1,1,mv_ck_2701129,arduino opta mqtt parc,1,cstore,lift_station_dual_duplex,ck_2701129,CK129
circle-k-florida,ck-2701130,"Circle K #2701130 — Columbia",2701130,"229 FL-COL Hwy, Columbia County, FL",columbia,30.079710290997376,-82.62696357684753,1,lift,dual_duplex,1,1,mv_ck_2701130,arduino opta mqtt parc,0,cstore,lift_station_dual_duplex,ck_2701130,CK130
circle-k-florida,ck-2701131,"Circle K #2701131 — Duval",2701131,"230 FL-DUV Hwy, Duval County, FL",duval,30.29138776819312,-81.82121144760129,1,lift,dual_duplex,1,1,mv_ck_2701131,arduino opta mqtt parc,1,cstore,lift_station_dual_duplex,ck_2701131,CK131
circle-k-florida,ck-2701132,"Circle K #2701132 — Escambia",2701132,"231 FL-ESC Hwy, Escambia County, FL",escambia,30.745721839137683,-87.38236153947274,1,lift,dual_duplex,1,1,mv_ck_2701132,arduino opta mqtt parc,1,cstore,lift_station_dual_duplex,ck_2701132,CK132
circle-k-florida,ck-2701133,"Circle K #2701133 — Flagler",2701133,"232 FL-FLA Hwy, Flagler County, FL",flagler,29.43009618334994,-81.4663100753688,1,lift,dual_duplex,1,1,mv_ck_2701133,arduino opta mqtt parc,0,cstore,lift_station_dual_duplex,ck_2701133,CK133
circle-k-florida,ck-2701134,"Circle K #2701134 — Hillsborough",2701134,"233 FL-HIL Hwy, Hillsborough County, FL",hillsborough,27.834341685011925,-82.31678771138597,1,lift,dual_duplex,1,1,mv_ck_2701134,arduino opta mqtt parc,1,cstore,lift_station_dual_duplex,ck_2701134,CK134
circle-k-florida,ck-2701135,"Circle K #2701135 — Indian River",2701135,"234 FL-IND Hwy, Indian River County, FL",indian-river,27.52322260022542,-80.58436689036884,1,lift,dual_duplex,1,1,mv_ck_2701135,arduino opta mqtt parc,1,cstore,lift_station_dual_duplex,ck_2701135,CK135
circle-k-florida,ck-2701136,"Circle K #2701136 — Lake",2701136,"235 FL-LAK Hwy, Lake County, FL",lake,28.592150452743713,-81.6833150297661,1,lift,dual_duplex,1,1,mv_ck_2701136,arduino opta mqtt parc,0,cstore,lift_station_dual_duplex,ck_2701136,CK136
circle-k-florida,ck-2701137,"Circle K #2701137 — Lee",2701137,"236 FL-LEE Hwy, Lee County, FL",lee,26.570406458384515,-82.03869190360804,1,lift,dual_duplex,1,1,mv_ck_2701137,arduino opta mqtt parc,1,cstore,lift_station_dual_duplex,ck_2701137,CK137
circle-k-florida,ck-2701138,"Circle K #2701138 — Leon",2701138,"237 FL-LEO Hwy, Leon County, FL",leon,30.464674867121545,-84.44918448411616,1,lift,dual_duplex,1,1,mv_ck_2701138,arduino opta mqtt parc,1,cstore,lift_station_dual_duplex,ck_2701138,CK138
circle-k-florida,ck-2701139,"Circle K #2701139 — Manatee",2701139,"238 FL-MAN Hwy, Manatee County, FL",manatee,27.428985058319725,-82.41278580345326,1,lift,dual_duplex,1,1,mv_ck_2701139,arduino opta mqtt parc,0,cstore,lift_station_dual_duplex,ck_2701139,CK139
circle-k-florida,ck-2701140,"Circle K #2701140 — Marion",2701140,"239 FL-MAR Hwy, Marion County, FL",marion,29.13013032079099,-82.13205231054408,1,lift,dual_duplex,1,1,mv_ck_2701140,arduino opta mqtt parc,1,cstore,lift_station_dual_duplex,ck_2701140,CK140
circle-k-florida,ck-2701141,"Circle K #2701141 — Martin",2701141,"240 FL-MAR Hwy, Martin County, FL",martin,26.89892215855168,-80.24456554823577,1,lift,dual_duplex,1,1,mv_ck_2701141,arduino opta mqtt parc,1,cstore,lift_station_dual_duplex,ck_2701141,CK141
circle-k-florida,ck-2701142,"Circle K #2701142 — Miami-Dade",2701142,"241 FL-MIA Hwy, Miami-Dade County, FL",miami-dade,25.467190578906354,-80.65176651896498,1,lift,dual_duplex,1,1,mv_ck_2701142,arduino opta mqtt parc,0,cstore,lift_station_dual_duplex,ck_2701142,CK142
circle-k-florida,ck-2701143,"Circle K #2701143 — Monroe",2701143,"242 FL-MON Hwy, Monroe County, FL",monroe,24.98417291017836,-81.17160781783363,1,lift,dual_duplex,1,1,mv_ck_2701143,arduino opta mqtt parc,1,cstore,lift_station_dual_duplex,ck_2701143,CK143
circle-k-florida,ck-2701144,"Circle K #2701144 — Nassau",2701144,"243 FL-NAS Hwy, Nassau County, FL",nassau,30.458694568537556,-81.80326888564011,1,lift,dual_duplex,1,1,mv_ck_2701144,arduino opta mqtt parc,1,cstore,lift_station_dual_duplex,ck_2701144,CK144
circle-k-florida,ck-2701145,"Circle K #2701145 — Okaloosa",2701145,"244 FL-OKA Hwy, Okaloosa County, FL",okaloosa,30.56446414653698,-86.58965104941244,1,lift,dual_duplex,1,1,mv_ck_2701145,arduino opta mqtt parc,0,cstore,lift_station_dual_duplex,ck_2701145,CK145
circle-k-florida,ck-2701146,"Circle K #2701146 — Orange",2701146,"245 FL-ORA Hwy, Orange County, FL",orange,28.5246995432292,-81.3282821730075,1,lift,dual_duplex,1,1,mv_ck_2701146,arduino opta mqtt parc,1,cstore,lift_station_dual_duplex,ck_2701146,CK146
circle-k-florida,ck-2701147,"Circle K #2701147 — Osceola",2701147,"246 FL-OSC Hwy, Osceola County, FL",osceola,28.039118942283807,-81.07661655980225,1,lift,dual_duplex,1,1,mv_ck_2701147,arduino opta mqtt parc,1,cstore,lift_station_dual_duplex,ck_2701147,CK147
circle-k-florida,ck-2701148,"Circle K #2701148 — Palm Beach",2701148,"247 FL-PAL Hwy, Palm Beach County, FL",palm-beach,26.591386121717797,-80.53128062264426,1,lift,dual_duplex,1,1,mv_ck_2701148,arduino opta mqtt parc,0,cstore,lift_station_dual_duplex,ck_2701148,CK148
circle-k-florida,ck-2701149,"Circle K #2701149 — Pasco",2701149,"248 FL-PAS Hwy, Pasco County, FL",pasco,28.165478798691975,-82.42053468006671,1,lift,dual_duplex,1,1,mv_ck_2701149,arduino opta mqtt parc,1,cstore,lift_station_dual_duplex,ck_2701149,CK149
circle-k-florida,ck-2701150,"Circle K #2701150 — Pinellas",2701150,"249 FL-PIN Hwy, Pinellas County, FL",pinellas,27.88039584575626,-82.6213175908022,1,lift,dual_duplex,1,1,mv_ck_2701150,arduino opta mqtt parc,1,cstore,lift_station_dual_duplex,ck_2701150,CK150
circle-k-florida,ck-2701151,"Circle K #2701151 — Polk",2701151,"250 FL-POL Hwy, Polk County, FL",polk,28.095848719713693,-81.84956922040108,1,lift,dual_duplex,1,1,mv_ck_2701151,arduino opta mqtt parc,0,cstore,lift_station_dual_duplex,ck_2701151,CK151
circle-k-florida,ck-2701152,"Circle K #2701152 — Putnam",2701152,"251 FL-PUT Hwy, Putnam County, FL",putnam,29.595558302179768,-81.74264887424937,1,lift,dual_duplex,1,1,mv_ck_2701152,arduino opta mqtt parc,1,cstore,lift_station_dual_duplex,ck_2701152,CK152
circle-k-florida,ck-2701153,"Circle K #2701153 — Santa Rosa",2701153,"252 FL-SAN Hwy, Santa Rosa County, FL",santa-rosa,30.535428763713238,-87.07058043846718,1,lift,dual_duplex,1,1,mv_ck_2701153,arduino opta mqtt parc,1,cstore,lift_station_dual_duplex,ck_2701153,CK153
circle-k-florida,ck-2701154,"Circle K #2701154 — Sarasota",2701154,"253 FL-SAR Hwy, Sarasota County, FL",sarasota,27.08867355677992,-82.29833440437866,1,lift,dual_duplex,1,1,mv_ck_2701154,arduino opta mqtt parc,0,cstore,lift_station_dual_duplex,ck_2701154,CK154
circle-k-florida,ck-2701155,"Circle K #2701155 — Seminole",2701155,"254 FL-SEM Hwy, Seminole County, FL",seminole,28.883123356659613,-81.06282280393401,1,lift,dual_duplex,1,1,mv_ck_2701155,arduino opta mqtt parc,1,cstore,lift_station_dual_duplex,ck_2701155,CK155
circle-k-florida,ck-2701156,"Circle K #2701156 — St. Johns",2701156,"255 FL-ST- Hwy, St. Johns County, FL",st-johns,29.843711808802507,-81.32461626201153,1,lift,dual_duplex,1,1,mv_ck_2701156,arduino opta mqtt parc,1,cstore,lift_station_dual_duplex,ck_2701156,CK156
circle-k-florida,ck-2701157,"Circle K #2701157 — St. Lucie",2701157,"256 FL-ST- Hwy, St. Lucie County, FL",st-lucie,27.26848722347236,-80.21934695618167,1,lift,dual_duplex,1,1,mv_ck_2701157,arduino opta mqtt parc,0,cstore,lift_station_dual_duplex,ck_2701157,CK157
circle-k-florida,ck-2701158,"Circle K #2701158 — Sumter",2701158,"257 FL-SUM Hwy, Sumter County, FL",sumter,28.724973809186114,-82.16089102264337,1,lift,dual_duplex,1,1,mv_ck_2701158,arduino opta mqtt parc,1,cstore,lift_station_dual_duplex,ck_2701158,CK158
circle-k-florida,ck-2701159,"Circle K #2701159 — Volusia",2701159,"258 FL-VOL Hwy, Volusia County, FL",volusia,28.905654587344003,-81.17080647244101,1,lift,dual_duplex,1,1,mv_ck_2701159,arduino opta mqtt parc,1,cstore,lift_station_dual_duplex,ck_2701159,CK159
circle-k-florida,ck-2701160,"Circle K #2701160 — Walton",2701160,"259 FL-WAL Hwy, Walton County, FL",walton,30.61750598383254,-86.16283510267603,1,lift,dual_duplex,1,1,mv_ck_2701160,arduino opta mqtt parc,0,cstore,lift_station_dual_duplex,ck_2701160,CK160
circle-k-florida,ck-2701161,"Circle K #2701161 — Alachua",2701161,"260 FL-ALA Hwy, Alachua County, FL",alachua,29.629028600831063,-82.42012397202764,1,lift,dual_duplex,1,1,mv_ck_2701161,arduino opta mqtt parc,1,cstore,lift_station_dual_duplex,ck_2701161,CK161
circle-k-florida,ck-2701162,"Circle K #2701162 — Baker",2701162,"261 FL-BAK Hwy, Baker County, FL",baker,30.20676904384914,-82.12685643054883,1,lift,dual_duplex,1,1,mv_ck_2701162,arduino opta mqtt parc,1,cstore,lift_station_dual_duplex,ck_2701162,CK162
circle-k-florida,ck-2701163,"Circle K #2701163 — Bay",2701163,"262 FL-BAY Hwy, Bay County, FL",bay,30.325670817419542,-86.03892920224267,1,lift,dual_duplex,1,1,mv_ck_2701163,arduino opta mqtt parc,0,cstore,lift_station_dual_duplex,ck_2701163,CK163
circle-k-florida,ck-2701164,"Circle K #2701164 — Brevard",2701164,"263 FL-BRE Hwy, Brevard County, FL",brevard,28.18938300847059,-80.79000295216116,1,lift,dual_duplex,1,1,mv_ck_2701164,arduino opta mqtt parc,1,cstore,lift_station_dual_duplex,ck_2701164,CK164
circle-k-florida,ck-2701165,"Circle K #2701165 — Broward",2701165,"264 FL-BRO Hwy, Broward County, FL",broward,26.13469026036116,-79.98230773153661,1,lift,dual_duplex,1,1,mv_ck_2701165,arduino opta mqtt parc,1,cstore,lift_station_dual_duplex,ck_2701165,CK165
circle-k-florida,ck-2701166,"Circle K #2701166 — Charlotte",2701166,"265 FL-CHA Hwy, Charlotte County, FL",charlotte,27.049074618040994,-81.85778889613123,1,lift,dual_duplex,1,1,mv_ck_2701166,arduino opta mqtt parc,0,cstore,lift_station_dual_duplex,ck_2701166,CK166
circle-k-florida,ck-2701167,"Circle K #2701167 — Citrus",2701167,"266 FL-CIT Hwy, Citrus County, FL",citrus,28.99871661492293,-82.3324837725816,1,lift,dual_duplex,1,1,mv_ck_2701167,arduino opta mqtt parc,1,cstore,lift_station_dual_duplex,ck_2701167,CK167
circle-k-florida,ck-2701168,"Circle K #2701168 — Clay",2701168,"267 FL-CLA Hwy, Clay County, FL",clay,29.856712715003948,-81.93558525938663,1,lift,dual_duplex,1,1,mv_ck_2701168,arduino opta mqtt parc,1,cstore,lift_station_dual_duplex,ck_2701168,CK168
circle-k-florida,ck-2701169,"Circle K #2701169 — Collier",2701169,"268 FL-COL Hwy, Collier County, FL",collier,26.28607250649063,-81.37844722942648,1,lift,dual_duplex,1,1,mv_ck_2701169,arduino opta mqtt parc,0,cstore,lift_station_dual_duplex,ck_2701169,CK169
circle-k-florida,ck-2701170,"Circle K #2701170 — Columbia",2701170,"269 FL-COL Hwy, Columbia County, FL",columbia,30.30615761455067,-82.64442356584085,1,lift,dual_duplex,1,1,mv_ck_2701170,arduino opta mqtt parc,1,cstore,lift_station_dual_duplex,ck_2701170,CK170
circle-k-florida,ck-2701171,"Circle K #2701171 — Duval",2701171,"270 FL-DUV Hwy, Duval County, FL",duval,30.2017205774306,-81.69417765681982,1,lift,dual_duplex,1,1,mv_ck_2701171,arduino opta mqtt parc,1,cstore,lift_station_dual_duplex,ck_2701171,CK171
circle-k-florida,ck-2701172,"Circle K #2701172 — Escambia",2701172,"271 FL-ESC Hwy, Escambia County, FL",escambia,30.4950795972455,-87.46295443233176,1,lift,dual_duplex,1,1,mv_ck_2701172,arduino opta mqtt parc,0,cstore,lift_station_dual_duplex,ck_2701172,CK172
circle-k-florida,ck-2701173,"Circle K #2701173 — Flagler",2701173,"272 FL-FLA Hwy, Flagler County, FL",flagler,29.43215084525576,-81.37721265229838,1,lift,dual_duplex,1,1,mv_ck_2701173,arduino opta mqtt parc,1,cstore,lift_station_dual_duplex,ck_2701173,CK173
circle-k-florida,ck-2701174,"Circle K #2701174 — Hillsborough",2701174,"273 FL-HIL Hwy, Hillsborough County, FL",hillsborough,28.016138042354925,-82.41829449544969,1,lift,dual_duplex,1,1,mv_ck_2701174,arduino opta mqtt parc,1,cstore,lift_station_dual_duplex,ck_2701174,CK174
circle-k-florida,ck-2701175,"Circle K #2701175 — Indian River",2701175,"274 FL-IND Hwy, Indian River County, FL",indian-river,27.555582015129534,-80.45183955767229,1,lift,dual_duplex,1,1,mv_ck_2701175,arduino opta mqtt parc,0,cstore,lift_station_dual_duplex,ck_2701175,CK175
circle-k-florida,ck-2701176,"Circle K #2701176 — Lake",2701176,"275 FL-LAK Hwy, Lake County, FL",lake,28.880942479726524,-81.54547570377211,1,lift,dual_duplex,1,1,mv_ck_2701176,arduino opta mqtt parc,1,cstore,lift_station_dual_duplex,ck_2701176,CK176
circle-k-florida,ck-2701177,"Circle K #2701177 — Lee",2701177,"276 FL-LEE Hwy, Lee County, FL",lee,26.70674181542063,-81.80646452244693,1,lift,dual_duplex,1,1,mv_ck_2701177,arduino opta mqtt parc,1,cstore,lift_station_dual_duplex,ck_2701177,CK177
circle-k-florida,ck-2701178,"Circle K #2701178 — Leon",2701178,"277 FL-LEO Hwy, Leon County, FL",leon,30.39388745444258,-84.17064867389449,1,lift,dual_duplex,1,1,mv_ck_2701178,arduino opta mqtt parc,0,cstore,lift_station_dual_duplex,ck_2701178,CK178
circle-k-florida,ck-2701179,"Circle K #2701179 — Manatee",2701179,"278 FL-MAN Hwy, Manatee County, FL",manatee,27.469933637293277,-82.30696503601678,1,lift,dual_duplex,1,1,mv_ck_2701179,arduino opta mqtt parc,1,cstore,lift_station_dual_duplex,ck_2701179,CK179
circle-k-florida,ck-2701180,"Circle K #2701180 — Marion",2701180,"279 FL-MAR Hwy, Marion County, FL",marion,29.090292403037814,-82.04522026110527,1,lift,dual_duplex,1,1,mv_ck_2701180,arduino opta mqtt parc,1,cstore,lift_station_dual_duplex,ck_2701180,CK180
circle-k-florida,ck-2701181,"Circle K #2701181 — Martin",2701181,"280 FL-MAR Hwy, Martin County, FL",martin,26.975814521861842,-80.04759004467381,1,lift,dual_duplex,1,1,mv_ck_2701181,arduino opta mqtt parc,0,cstore,lift_station_dual_duplex,ck_2701181,CK181
circle-k-florida,ck-2701182,"Circle K #2701182 — Miami-Dade",2701182,"281 FL-MIA Hwy, Miami-Dade County, FL",miami-dade,25.523561334628482,-80.66320033384652,1,lift,dual_duplex,1,1,mv_ck_2701182,arduino opta mqtt parc,1,cstore,lift_station_dual_duplex,ck_2701182,CK182
circle-k-florida,ck-2701183,"Circle K #2701183 — Monroe",2701183,"282 FL-MON Hwy, Monroe County, FL",monroe,24.90630586514385,-80.9656566209766,1,lift,dual_duplex,1,1,mv_ck_2701183,arduino opta mqtt parc,1,cstore,lift_station_dual_duplex,ck_2701183,CK183
circle-k-florida,ck-2701184,"Circle K #2701184 — Nassau",2701184,"283 FL-NAS Hwy, Nassau County, FL",nassau,30.667889573179433,-81.89243459731185,1,lift,dual_duplex,1,1,mv_ck_2701184,arduino opta mqtt parc,0,cstore,lift_station_dual_duplex,ck_2701184,CK184
circle-k-florida,ck-2701185,"Circle K #2701185 — Okaloosa",2701185,"284 FL-OKA Hwy, Okaloosa County, FL",okaloosa,30.575549264935823,-86.58595363597469,1,lift,dual_duplex,1,1,mv_ck_2701185,arduino opta mqtt parc,1,cstore,lift_station_dual_duplex,ck_2701185,CK185
circle-k-florida,ck-2701186,"Circle K #2701186 — Orange",2701186,"285 FL-ORA Hwy, Orange County, FL",orange,28.614273180900422,-81.14191082615037,1,lift,dual_duplex,1,1,mv_ck_2701186,arduino opta mqtt parc,1,cstore,lift_station_dual_duplex,ck_2701186,CK186
circle-k-florida,ck-2701187,"Circle K #2701187 — Osceola",2701187,"286 FL-OSC Hwy, Osceola County, FL",osceola,28.047356375592194,-81.05696322676192,1,lift,dual_duplex,1,1,mv_ck_2701187,arduino opta mqtt parc,0,cstore,lift_station_dual_duplex,ck_2701187,CK187
circle-k-florida,ck-2701188,"Circle K #2701188 — Palm Beach",2701188,"287 FL-PAL Hwy, Palm Beach County, FL",palm-beach,26.68978239973373,-80.39918434408523,1,lift,dual_duplex,1,1,mv_ck_2701188,arduino opta mqtt parc,1,cstore,lift_station_dual_duplex,ck_2701188,CK188
circle-k-florida,ck-2701189,"Circle K #2701189 — Pasco",2701189,"288 FL-PAS Hwy, Pasco County, FL",pasco,28.38533609260051,-82.30417182863386,1,lift,dual_duplex,1,1,mv_ck_2701189,arduino opta mqtt parc,1,cstore,lift_station_dual_duplex,ck_2701189,CK189
circle-k-florida,ck-2701190,"Circle K #2701190 — Pinellas",2701190,"289 FL-PIN Hwy, Pinellas County, FL",pinellas,27.754857224559686,-82.89096786318477,1,lift,dual_duplex,1,1,mv_ck_2701190,arduino opta mqtt parc,0,cstore,lift_station_dual_duplex,ck_2701190,CK190
circle-k-florida,ck-2701191,"Circle K #2701191 — Polk",2701191,"290 FL-POL Hwy, Polk County, FL",polk,28.046191864039837,-82.00651019895611,1,lift,dual_duplex,1,1,mv_ck_2701191,arduino opta mqtt parc,1,cstore,lift_station_dual_duplex,ck_2701191,CK191
circle-k-florida,ck-2701192,"Circle K #2701192 — Putnam",2701192,"291 FL-PUT Hwy, Putnam County, FL",putnam,29.653383800202196,-81.63958968060045,1,lift,dual_duplex,1,1,mv_ck_2701192,arduino opta mqtt parc,1,cstore,lift_station_dual_duplex,ck_2701192,CK192
circle-k-florida,ck-2701193,"Circle K #2701193 — Santa Rosa",2701193,"292 FL-SAN Hwy, Santa Rosa County, FL",santa-rosa,30.784197280670135,-87.16600270070239,1,lift,dual_duplex,1,1,mv_ck_2701193,arduino opta mqtt parc,0,cstore,lift_station_dual_duplex,ck_2701193,CK193
circle-k-florida,ck-2701194,"Circle K #2701194 — Sarasota",2701194,"293 FL-SAR Hwy, Sarasota County, FL",sarasota,27.318179812297128,-82.45866849788342,1,lift,dual_duplex,1,1,mv_ck_2701194,arduino opta mqtt parc,1,cstore,lift_station_dual_duplex,ck_2701194,CK194
circle-k-florida,ck-2701195,"Circle K #2701195 — Seminole",2701195,"294 FL-SEM Hwy, Seminole County, FL",seminole,28.8187108389364,-81.11127455577511,1,lift,dual_duplex,1,1,mv_ck_2701195,arduino opta mqtt parc,1,cstore,lift_station_dual_duplex,ck_2701195,CK195
circle-k-florida,ck-2701196,"Circle K #2701196 — St. Johns",2701196,"295 FL-ST- Hwy, St. Johns County, FL",st-johns,29.978730120783236,-81.56065885904961,1,lift,dual_duplex,1,1,mv_ck_2701196,arduino opta mqtt parc,0,cstore,lift_station_dual_duplex,ck_2701196,CK196
circle-k-florida,ck-2701197,"Circle K #2701197 — St. Lucie",2701197,"296 FL-ST- Hwy, St. Lucie County, FL",st-lucie,27.483545701885987,-80.50310177788444,1,lift,dual_duplex,1,1,mv_ck_2701197,arduino opta mqtt parc,1,cstore,lift_station_dual_duplex,ck_2701197,CK197
circle-k-florida,ck-2701198,"Circle K #2701198 — Sumter",2701198,"297 FL-SUM Hwy, Sumter County, FL",sumter,28.742243502339072,-82.13257036891778,1,lift,dual_duplex,1,1,mv_ck_2701198,arduino opta mqtt parc,1,cstore,lift_station_dual_duplex,ck_2701198,CK198
circle-k-florida,ck-2701199,"Circle K #2701199 — Volusia",2701199,"298 FL-VOL Hwy, Volusia County, FL",volusia,29.02163731884594,-81.10835495359815,1,lift,dual_duplex,1,1,mv_ck_2701199,arduino opta mqtt parc,0,cstore,lift_station_dual_duplex,ck_2701199,CK199
circle-k-florida,ck-2701200,"Circle K #2701200 — Walton",2701200,"299 FL-WAL Hwy, Walton County, FL",walton,30.657458842968968,-86.19535696384132,1,lift,dual_duplex,1,1,mv_ck_2701200,arduino opta mqtt parc,1,cstore,lift_station_dual_duplex,ck_2701200,CK200
circle-k-florida,ck-2701201,"Circle K #2701201 — Alachua",2701201,"300 FL-ALA Hwy, Alachua County, FL",alachua,29.677752241826788,-82.38616902439283,1,lift,dual_duplex,1,1,mv_ck_2701201,arduino opta mqtt parc,1,cstore,lift_station_dual_duplex,ck_2701201,CK201
circle-k-florida,ck-2701202,"Circle K #2701202 — Baker",2701202,"301 FL-BAK Hwy, Baker County, FL",baker,30.475152245738588,-82.22529005231989,1,lift,dual_duplex,1,1,mv_ck_2701202,arduino opta mqtt parc,0,cstore,lift_station_dual_duplex,ck_2701202,CK202
circle-k-florida,ck-2701203,"Circle K #2701203 — Bay",2701203,"302 FL-BAY Hwy, Bay County, FL",bay,30.305335337281853,-86.08813340608963,1,lift,dual_duplex,1,1,mv_ck_2701203,arduino opta mqtt parc,1,cstore,lift_station_dual_duplex,ck_2701203,CK203
circle-k-florida,ck-2701204,"Circle K #2701204 — Brevard",2701204,"303 FL-BRE Hwy, Brevard County, FL",brevard,28.15943346393437,-80.58259654248593,1,lift,dual_duplex,1,1,mv_ck_2701204,arduino opta mqtt parc,1,cstore,lift_station_dual_duplex,ck_2701204,CK204
circle-k-florida,ck-2701205,"Circle K #2701205 — Broward",2701205,"304 FL-BRO Hwy, Broward County, FL",broward,26.045460727235216,-79.99809218348325,1,lift,dual_duplex,1,1,mv_ck_2701205,arduino opta mqtt parc,0,cstore,lift_station_dual_duplex,ck_2701205,CK205
circle-k-florida,ck-2701206,"Circle K #2701206 — Charlotte",2701206,"305 FL-CHA Hwy, Charlotte County, FL",charlotte,27.050827462715766,-81.98600615138314,1,lift,dual_duplex,1,1,mv_ck_2701206,arduino opta mqtt parc,1,cstore,lift_station_dual_duplex,ck_2701206,CK206
circle-k-florida,ck-2701207,"Circle K #2701207 — Citrus",2701207,"306 FL-CIT Hwy, Citrus County, FL",citrus,28.895399147907888,-82.34675626993767,1,lift,dual_duplex,1,1,mv_ck_2701207,arduino opta mqtt parc,1,cstore,lift_station_dual_duplex,ck_2701207,CK207
circle-k-florida,ck-2701208,"Circle K #2701208 — Clay",2701208,"307 FL-CLA Hwy, Clay County, FL",clay,30.128842066214645,-81.73584562023848,1,lift,dual_duplex,1,1,mv_ck_2701208,arduino opta mqtt parc,0,cstore,lift_station_dual_duplex,ck_2701208,CK208
circle-k-florida,ck-2701209,"Circle K #2701209 — Collier",2701209,"308 FL-COL Hwy, Collier County, FL",collier,25.97270724911866,-81.3272107718991,1,lift,dual_duplex,1,1,mv_ck_2701209,arduino opta mqtt parc,1,cstore,lift_station_dual_duplex,ck_2701209,CK209
circle-k-florida,ck-2701210,"Circle K #2701210 — Columbia",2701210,"309 FL-COL Hwy, Columbia County, FL",columbia,30.093650846094555,-82.73376660234435,1,lift,dual_duplex,1,1,mv_ck_2701210,arduino opta mqtt parc,1,cstore,lift_station_dual_duplex,ck_2701210,CK210
circle-k-florida,ck-2701211,"Circle K #2701211 — Duval",2701211,"310 FL-DUV Hwy, Duval County, FL",duval,30.181095891404794,-81.80631344949842,1,lift,dual_duplex,1,1,mv_ck_2701211,arduino opta mqtt parc,0,cstore,lift_station_dual_duplex,ck_2701211,CK211
circle-k-florida,ck-2701212,"Circle K #2701212 — Escambia",2701212,"311 FL-ESC Hwy, Escambia County, FL",escambia,30.451380255993705,-87.32724888517842,1,lift,dual_duplex,1,1,mv_ck_2701212,arduino opta mqtt parc,1,cstore,lift_station_dual_duplex,ck_2701212,CK212
circle-k-florida,ck-2701213,"Circle K #2701213 — Flagler",2701213,"312 FL-FLA Hwy, Flagler County, FL",flagler,29.37482192584242,-81.466984779251,1,lift,dual_duplex,1,1,mv_ck_2701213,arduino opta mqtt parc,1,cstore,lift_station_dual_duplex,ck_2701213,CK213
circle-k-florida,ck-2701214,"Circle K #2701214 — Hillsborough",2701214,"313 FL-HIL Hwy, Hillsborough County, FL",hillsborough,27.923451512161577,-82.4916996874461,1,lift,dual_duplex,1,1,mv_ck_2701214,arduino opta mqtt parc,0,cstore,lift_station_dual_duplex,ck_2701214,CK214
circle-k-florida,ck-2701215,"Circle K #2701215 — Indian River",2701215,"314 FL-IND Hwy, Indian River County, FL",indian-river,27.709258993554833,-80.58975102072823,1,lift,dual_duplex,1,1,mv_ck_2701215,arduino opta mqtt parc,1,cstore,lift_station_dual_duplex,ck_2701215,CK215
circle-k-florida,ck-2701216,"Circle K #2701216 — Lake",2701216,"315 FL-LAK Hwy, Lake County, FL",lake,28.731094502944767,-81.69561577522612,1,lift,dual_duplex,1,1,mv_ck_2701216,arduino opta mqtt parc,1,cstore,lift_station_dual_duplex,ck_2701216,CK216
circle-k-florida,ck-2701217,"Circle K #2701217 — Lee",2701217,"316 FL-LEE Hwy, Lee County, FL",lee,26.52239903797245,-81.77848597238282,1,lift,dual_duplex,1,1,mv_ck_2701217,arduino opta mqtt parc,0,cstore,lift_station_dual_duplex,ck_2701217,CK217
circle-k-florida,ck-2701218,"Circle K #2701218 — Leon",2701218,"317 FL-LEO Hwy, Leon County, FL",leon,30.611646961691626,-84.33253541197188,1,lift,dual_duplex,1,1,mv_ck_2701218,arduino opta mqtt parc,1,cstore,lift_station_dual_duplex,ck_2701218,CK218
circle-k-florida,ck-2701219,"Circle K #2701219 — Manatee",2701219,"318 FL-MAN Hwy, Manatee County, FL",manatee,27.342921573407423,-82.22861569746112,1,lift,dual_duplex,1,1,mv_ck_2701219,arduino opta mqtt parc,1,cstore,lift_station_dual_duplex,ck_2701219,CK219
circle-k-florida,ck-2701220,"Circle K #2701220 — Marion",2701220,"319 FL-MAR Hwy, Marion County, FL",marion,29.299485164992543,-81.98406285359036,1,lift,dual_duplex,1,1,mv_ck_2701220,arduino opta mqtt parc,0,cstore,lift_station_dual_duplex,ck_2701220,CK220
circle-k-florida,ck-2701221,"Circle K #2701221 — Martin",2701221,"320 FL-MAR Hwy, Martin County, FL",martin,27.14388574615748,-80.2599874257165,1,lift,dual_duplex,1,1,mv_ck_2701221,arduino opta mqtt parc,1,cstore,lift_station_dual_duplex,ck_2701221,CK221
circle-k-florida,ck-2701222,"Circle K #2701222 — Miami-Dade",2701222,"321 FL-MIA Hwy, Miami-Dade County, FL",miami-dade,25.780866944305796,-80.49750637731366,1,lift,dual_duplex,1,1,mv_ck_2701222,arduino opta mqtt parc,1,cstore,lift_station_dual_duplex,ck_2701222,CK222
circle-k-florida,ck-2701223,"Circle K #2701223 — Monroe",2701223,"322 FL-MON Hwy, Monroe County, FL",monroe,24.92349255215599,-80.92285668733616,1,lift,dual_duplex,1,1,mv_ck_2701223,arduino opta mqtt parc,0,cstore,lift_station_dual_duplex,ck_2701223,CK223
circle-k-florida,ck-2701224,"Circle K #2701224 — Nassau",2701224,"323 FL-NAS Hwy, Nassau County, FL",nassau,30.731142184501312,-81.85446079000555,1,lift,dual_duplex,1,1,mv_ck_2701224,arduino opta mqtt parc,1,cstore,lift_station_dual_duplex,ck_2701224,CK224
circle-k-florida,ck-2701225,"Circle K #2701225 — Okaloosa",2701225,"324 FL-OKA Hwy, Okaloosa County, FL",okaloosa,30.69464735852677,-86.57521520377976,1,lift,dual_duplex,1,1,mv_ck_2701225,arduino opta mqtt parc,1,cstore,lift_station_dual_duplex,ck_2701225,CK225
circle-k-florida,ck-2701226,"Circle K #2701226 — Orange",2701226,"325 FL-ORA Hwy, Orange County, FL",orange,28.47498171641497,-81.41208258906046,1,lift,dual_duplex,1,1,mv_ck_2701226,arduino opta mqtt parc,0,cstore,lift_station_dual_duplex,ck_2701226,CK226
circle-k-florida,ck-2701227,"Circle K #2701227 — Osceola",2701227,"326 FL-OSC Hwy, Osceola County, FL",osceola,28.045029168876265,-81.30436620283092,1,lift,dual_duplex,1,1,mv_ck_2701227,arduino opta mqtt parc,1,cstore,lift_station_dual_duplex,ck_2701227,CK227
circle-k-florida,ck-2701228,"Circle K #2701228 — Palm Beach",2701228,"327 FL-PAL Hwy, Palm Beach County, FL",palm-beach,26.6421156025214,-80.51980502760793,1,lift,dual_duplex,1,1,mv_ck_2701228,arduino opta mqtt parc,1,cstore,lift_station_dual_duplex,ck_2701228,CK228
circle-k-florida,ck-2701229,"Circle K #2701229 — Pasco",2701229,"328 FL-PAS Hwy, Pasco County, FL",pasco,28.393154675971374,-82.55426572078214,1,lift,dual_duplex,1,1,mv_ck_2701229,arduino opta mqtt parc,0,cstore,lift_station_dual_duplex,ck_2701229,CK229
circle-k-florida,ck-2701230,"Circle K #2701230 — Pinellas",2701230,"329 FL-PIN Hwy, Pinellas County, FL",pinellas,27.82466025387984,-82.7414738913816,1,lift,dual_duplex,1,1,mv_ck_2701230,arduino opta mqtt parc,1,cstore,lift_station_dual_duplex,ck_2701230,CK230
circle-k-florida,ck-2701231,"Circle K #2701231 — Polk",2701231,"330 FL-POL Hwy, Polk County, FL",polk,27.98042417135234,-81.90131868709102,1,lift,dual_duplex,1,1,mv_ck_2701231,arduino opta mqtt parc,1,cstore,lift_station_dual_duplex,ck_2701231,CK231
circle-k-florida,ck-2701232,"Circle K #2701232 — Putnam",2701232,"331 FL-PUT Hwy, Putnam County, FL",putnam,29.57526885191527,-81.6473304546443,1,lift,dual_duplex,1,1,mv_ck_2701232,arduino opta mqtt parc,0,cstore,lift_station_dual_duplex,ck_2701232,CK232
circle-k-florida,ck-2701233,"Circle K #2701233 — Santa Rosa",2701233,"332 FL-SAN Hwy, Santa Rosa County, FL",santa-rosa,30.53284336664477,-86.91724001277771,1,lift,dual_duplex,1,1,mv_ck_2701233,arduino opta mqtt parc,1,cstore,lift_station_dual_duplex,ck_2701233,CK233
circle-k-florida,ck-2701234,"Circle K #2701234 — Sarasota",2701234,"333 FL-SAR Hwy, Sarasota County, FL",sarasota,27.309480564023193,-82.23463235374136,1,lift,dual_duplex,1,1,mv_ck_2701234,arduino opta mqtt parc,1,cstore,lift_station_dual_duplex,ck_2701234,CK234
circle-k-florida,ck-2701235,"Circle K #2701235 — Seminole",2701235,"334 FL-SEM Hwy, Seminole County, FL",seminole,28.729440154867206,-81.23704349729118,1,lift,dual_duplex,1,1,mv_ck_2701235,arduino opta mqtt parc,0,cstore,lift_station_dual_duplex,ck_2701235,CK235
circle-k-florida,ck-2701236,"Circle K #2701236 — St. Johns",2701236,"335 FL-ST- Hwy, St. Johns County, FL",st-johns,29.993687008237043,-81.44892947851154,1,lift,dual_duplex,1,1,mv_ck_2701236,arduino opta mqtt parc,1,cstore,lift_station_dual_duplex,ck_2701236,CK236
circle-k-florida,ck-2701237,"Circle K #2701237 — St. Lucie",2701237,"336 FL-ST- Hwy, St. Lucie County, FL",st-lucie,27.29027408609741,-80.48915022586026,1,lift,dual_duplex,1,1,mv_ck_2701237,arduino opta mqtt parc,1,cstore,lift_station_dual_duplex,ck_2701237,CK237
circle-k-florida,ck-2701238,"Circle K #2701238 — Sumter",2701238,"337 FL-SUM Hwy, Sumter County, FL",sumter,28.63818981410699,-82.08052813706486,1,lift,dual_duplex,1,1,mv_ck_2701238,arduino opta mqtt parc,0,cstore,lift_station_dual_duplex,ck_2701238,CK238
circle-k-florida,ck-2701239,"Circle K #2701239 — Volusia",2701239,"338 FL-VOL Hwy, Volusia County, FL",volusia,29.087897285621608,-81.17752315205644,1,lift,dual_duplex,1,1,mv_ck_2701239,arduino opta mqtt parc,1,cstore,lift_station_dual_duplex,ck_2701239,CK239
circle-k-florida,ck-2701240,"Circle K #2701240 — Walton",2701240,"339 FL-WAL Hwy, Walton County, FL",walton,30.772546190664013,-86.05486704267763,1,lift,dual_duplex,1,1,mv_ck_2701240,arduino opta mqtt parc,1,cstore,lift_station_dual_duplex,ck_2701240,CK240
circle-k-florida,ck-2701241,"Circle K #2701241 — Alachua",2701241,"340 FL-ALA Hwy, Alachua County, FL",alachua,29.817740478937978,-82.38021944479209,1,lift,dual_duplex,1,1,mv_ck_2701241,arduino opta mqtt parc,0,cstore,lift_station_dual_duplex,ck_2701241,CK241
circle-k-florida,ck-2701242,"Circle K #2701242 — Baker",2701242,"341 FL-BAK Hwy, Baker County, FL",baker,30.41323753793427,-82.32409453628472,1,lift,dual_duplex,1,1,mv_ck_2701242,arduino opta mqtt parc,1,cstore,lift_station_dual_duplex,ck_2701242,CK242
circle-k-florida,ck-2701243,"Circle K #2701243 — Bay",2701243,"342 FL-BAY Hwy, Bay County, FL",bay,30.081980953782026,-85.93924386933126,1,lift,dual_duplex,1,1,mv_ck_2701243,arduino opta mqtt parc,1,cstore,lift_station_dual_duplex,ck_2701243,CK243
circle-k-florida,ck-2701244,"Circle K #2701244 — Brevard",2701244,"343 FL-BRE Hwy, Brevard County, FL",brevard,28.46549924878677,-80.8441277845917,1,lift,dual_duplex,1,1,mv_ck_2701244,arduino opta mqtt parc,0,cstore,lift_station_dual_duplex,ck_2701244,CK244
circle-k-florida,ck-2701245,"Circle K #2701245 — Broward",2701245,"344 FL-BRO Hwy, Broward County, FL",broward,26.147501308236198,-80.01579382984562,1,lift,dual_duplex,1,1,mv_ck_2701245,arduino opta mqtt parc,1,cstore,lift_station_dual_duplex,ck_2701245,CK245
circle-k-florida,ck-2701246,"Circle K #2701246 — Charlotte",2701246,"345 FL-CHA Hwy, Charlotte County, FL",charlotte,26.8007179190908,-81.84730457476891,1,lift,dual_duplex,1,1,mv_ck_2701246,arduino opta mqtt parc,1,cstore,lift_station_dual_duplex,ck_2701246,CK246
circle-k-florida,ck-2701247,"Circle K #2701247 — Citrus",2701247,"346 FL-CIT Hwy, Citrus County, FL",citrus,28.92671065027375,-82.43795739754124,1,lift,dual_duplex,1,1,mv_ck_2701247,arduino opta mqtt parc,0,cstore,lift_station_dual_duplex,ck_2701247,CK247
circle-k-florida,ck-2701248,"Circle K #2701248 — Clay",2701248,"347 FL-CLA Hwy, Clay County, FL",clay,29.887120208295514,-82.03055862309107,1,lift,dual_duplex,1,1,mv_ck_2701248,arduino opta mqtt parc,1,cstore,lift_station_dual_duplex,ck_2701248,CK248
circle-k-florida,ck-2701249,"Circle K #2701249 — Collier",2701249,"348 FL-COL Hwy, Collier County, FL",collier,26.011393470061986,-81.32926561490216,1,lift,dual_duplex,1,1,mv_ck_2701249,arduino opta mqtt parc,1,cstore,lift_station_dual_duplex,ck_2701249,CK249
circle-k-florida,ck-2701250,"Circle K #2701250 — Columbia",2701250,"349 FL-COL Hwy, Columbia County, FL",columbia,30.140166973086,-82.61987718111895,1,lift,dual_duplex,1,1,mv_ck_2701250,arduino opta mqtt parc,0,cstore,lift_station_dual_duplex,ck_2701250,CK250
circle-k-florida,ck-2701251,"Circle K #2701251 — Duval",2701251,"350 FL-DUV Hwy, Duval County, FL",duval,30.18179551701872,-81.54662956218897,1,lift,dual_duplex,1,1,mv_ck_2701251,arduino opta mqtt parc,1,cstore,lift_station_dual_duplex,ck_2701251,CK251
circle-k-florida,ck-2701252,"Circle K #2701252 — Escambia",2701252,"351 FL-ESC Hwy, Escambia County, FL",escambia,30.61264753907088,-87.2046959590589,1,lift,dual_duplex,1,1,mv_ck_2701252,arduino opta mqtt parc,1,cstore,lift_station_dual_duplex,ck_2701252,CK252
circle-k-florida,ck-2701253,"Circle K #2701253 — Flagler",2701253,"352 FL-FLA Hwy, Flagler County, FL",flagler,29.36298209367148,-81.30363967476431,1,lift,dual_duplex,1,1,mv_ck_2701253,arduino opta mqtt parc,0,cstore,lift_station_dual_duplex,ck_2701253,CK253
circle-k-florida,ck-2701254,"Circle K #2701254 — Hillsborough",2701254,"353 FL-HIL Hwy, Hillsborough County, FL",hillsborough,27.89726323866215,-82.48173333648576,1,lift,dual_duplex,1,1,mv_ck_2701254,arduino opta mqtt parc,1,cstore,lift_station_dual_duplex,ck_2701254,CK254
circle-k-florida,ck-2701255,"Circle K #2701255 — Indian River",2701255,"354 FL-IND Hwy, Indian River County, FL",indian-river,27.66391995516,-80.55850691783239,1,lift,dual_duplex,1,1,mv_ck_2701255,arduino opta mqtt parc,1,cstore,lift_station_dual_duplex,ck_2701255,CK255
circle-k-florida,ck-2701256,"Circle K #2701256 — Lake",2701256,"355 FL-LAK Hwy, Lake County, FL",lake,28.58685413044253,-81.87306425953287,1,lift,dual_duplex,1,1,mv_ck_2701256,arduino opta mqtt parc,0,cstore,lift_station_dual_duplex,ck_2701256,CK256
circle-k-florida,ck-2701257,"Circle K #2701257 — Lee",2701257,"356 FL-LEE Hwy, Lee County, FL",lee,26.507601175068615,-81.96148588557811,1,lift,dual_duplex,1,1,mv_ck_2701257,arduino opta mqtt parc,1,cstore,lift_station_dual_duplex,ck_2701257,CK257
circle-k-florida,ck-2701258,"Circle K #2701258 — Leon",2701258,"357 FL-LEO Hwy, Leon County, FL",leon,30.625514150529675,-84.30047572580803,1,lift,dual_duplex,1,1,mv_ck_2701258,arduino opta mqtt parc,1,cstore,lift_station_dual_duplex,ck_2701258,CK258
circle-k-florida,ck-2701259,"Circle K #2701259 — Manatee",2701259,"358 FL-MAN Hwy, Manatee County, FL",manatee,27.50451948348191,-82.20762683135828,1,lift,dual_duplex,1,1,mv_ck_2701259,arduino opta mqtt parc,0,cstore,lift_station_dual_duplex,ck_2701259,CK259
circle-k-florida,ck-2701260,"Circle K #2701260 — Marion",2701260,"359 FL-MAR Hwy, Marion County, FL",marion,29.081106697112514,-82.01223130492136,1,lift,dual_duplex,1,1,mv_ck_2701260,arduino opta mqtt parc,1,cstore,lift_station_dual_duplex,ck_2701260,CK260
circle-k-florida,ck-2701261,"Circle K #2701261 — Martin",2701261,"360 FL-MAR Hwy, Martin County, FL",martin,27.03039616267913,-80.02456864853579,1,lift,dual_duplex,1,1,mv_ck_2701261,arduino opta mqtt parc,1,cstore,lift_station_dual_duplex,ck_2701261,CK261
circle-k-florida,ck-2701262,"Circle K #2701262 — Miami-Dade",2701262,"361 FL-MIA Hwy, Miami-Dade County, FL",miami-dade,25.678284625086178,-80.44154983819305,1,lift,dual_duplex,1,1,mv_ck_2701262,arduino opta mqtt parc,0,cstore,lift_station_dual_duplex,ck_2701262,CK262
circle-k-florida,ck-2701263,"Circle K #2701263 — Monroe",2701263,"362 FL-MON Hwy, Monroe County, FL",monroe,24.791316924195826,-80.86628823497445,1,lift,dual_duplex,1,1,mv_ck_2701263,arduino opta mqtt parc,1,cstore,lift_station_dual_duplex,ck_2701263,CK263
circle-k-florida,ck-2701264,"Circle K #2701264 — Nassau",2701264,"363 FL-NAS Hwy, Nassau County, FL",nassau,30.488462704888967,-81.76970194750695,1,lift,dual_duplex,1,1,mv_ck_2701264,arduino opta mqtt parc,1,cstore,lift_station_dual_duplex,ck_2701264,CK264
circle-k-florida,ck-2701265,"Circle K #2701265 — Okaloosa",2701265,"364 FL-OKA Hwy, Okaloosa County, FL",okaloosa,30.74722887376853,-86.74458922471494,1,lift,dual_duplex,1,1,mv_ck_2701265,arduino opta mqtt parc,0,cstore,lift_station_dual_duplex,ck_2701265,CK265
circle-k-florida,ck-2701266,"Circle K #2701266 — Orange",2701266,"365 FL-ORA Hwy, Orange County, FL",orange,28.550697846755668,-81.43383452584678,1,lift,dual_duplex,1,1,mv_ck_2701266,arduino opta mqtt parc,1,cstore,lift_station_dual_duplex,ck_2701266,CK266
circle-k-florida,ck-2701267,"Circle K #2701267 — Osceola",2701267,"366 FL-OSC Hwy, Osceola County, FL",osceola,27.965873706693987,-81.06502420516988,1,lift,dual_duplex,1,1,mv_ck_2701267,arduino opta mqtt parc,1,cstore,lift_station_dual_duplex,ck_2701267,CK267
circle-k-florida,ck-2701268,"Circle K #2701268 — Palm Beach",2701268,"367 FL-PAL Hwy, Palm Beach County, FL",palm-beach,26.655361455440307,-80.51324517624585,1,lift,dual_duplex,1,1,mv_ck_2701268,arduino opta mqtt parc,0,cstore,lift_station_dual_duplex,ck_2701268,CK268
circle-k-florida,ck-2701269,"Circle K #2701269 — Pasco",2701269,"368 FL-PAS Hwy, Pasco County, FL",pasco,28.24294787838865,-82.536165384567,1,lift,dual_duplex,1,1,mv_ck_2701269,arduino opta mqtt parc,1,cstore,lift_station_dual_duplex,ck_2701269,CK269
circle-k-florida,ck-2701270,"Circle K #2701270 — Pinellas",2701270,"369 FL-PIN Hwy, Pinellas County, FL",pinellas,27.899500423271544,-82.7865135879414,1,lift,dual_duplex,1,1,mv_ck_2701270,arduino opta mqtt parc,1,cstore,lift_station_dual_duplex,ck_2701270,CK270
circle-k-florida,ck-2701271,"Circle K #2701271 — Polk",2701271,"370 FL-POL Hwy, Polk County, FL",polk,27.823185616833186,-81.74216562942426,1,lift,dual_duplex,1,1,mv_ck_2701271,arduino opta mqtt parc,0,cstore,lift_station_dual_duplex,ck_2701271,CK271
circle-k-florida,ck-2701272,"Circle K #2701272 — Putnam",2701272,"371 FL-PUT Hwy, Putnam County, FL",putnam,29.460183214705452,-81.88963628719515,1,lift,dual_duplex,1,1,mv_ck_2701272,arduino opta mqtt parc,1,cstore,lift_station_dual_duplex,ck_2701272,CK272
circle-k-florida,ck-2701273,"Circle K #2701273 — Santa Rosa",2701273,"372 FL-SAN Hwy, Santa Rosa County, FL",santa-rosa,30.55692348681335,-86.91078327229943,1,lift,dual_duplex,1,1,mv_ck_2701273,arduino opta mqtt parc,1,cstore,lift_station_dual_duplex,ck_2701273,CK273
circle-k-florida,ck-2701274,"Circle K #2701274 — Sarasota",2701274,"373 FL-SAR Hwy, Sarasota County, FL",sarasota,27.12391589369834,-82.32229540544775,1,lift,dual_duplex,1,1,mv_ck_2701274,arduino opta mqtt parc,0,cstore,lift_station_dual_duplex,ck_2701274,CK274
circle-k-florida,ck-2701275,"Circle K #2701275 — Seminole",2701275,"374 FL-SEM Hwy, Seminole County, FL",seminole,28.710112726535332,-81.17945021365807,1,lift,dual_duplex,1,1,mv_ck_2701275,arduino opta mqtt parc,1,cstore,lift_station_dual_duplex,ck_2701275,CK275
circle-k-florida,ck-2701276,"Circle K #2701276 — St. Johns",2701276,"375 FL-ST- Hwy, St. Johns County, FL",st-johns,30.00073519989062,-81.24153772964934,1,lift,dual_duplex,1,1,mv_ck_2701276,arduino opta mqtt parc,1,cstore,lift_station_dual_duplex,ck_2701276,CK276
circle-k-florida,ck-2701277,"Circle K #2701277 — St. Lucie",2701277,"376 FL-ST- Hwy, St. Lucie County, FL",st-lucie,27.260202115763377,-80.31764659775637,1,lift,dual_duplex,1,1,mv_ck_2701277,arduino opta mqtt parc,0,cstore,lift_station_dual_duplex,ck_2701277,CK277
circle-k-florida,ck-2701278,"Circle K #2701278 — Sumter",2701278,"377 FL-SUM Hwy, Sumter County, FL",sumter,28.55622129404418,-82.2417502931517,1,lift,dual_duplex,1,1,mv_ck_2701278,arduino opta mqtt parc,1,cstore,lift_station_dual_duplex,ck_2701278,CK278
circle-k-florida,ck-2701279,"Circle K #2701279 — Volusia",2701279,"378 FL-VOL Hwy, Volusia County, FL",volusia,29.081405926946726,-81.10263879939843,1,lift,dual_duplex,1,1,mv_ck_2701279,arduino opta mqtt parc,1,cstore,lift_station_dual_duplex,ck_2701279,CK279
circle-k-florida,ck-2701280,"Circle K #2701280 — Walton",2701280,"379 FL-WAL Hwy, Walton County, FL",walton,30.65479846457414,-86.0861312169664,1,lift,dual_duplex,1,1,mv_ck_2701280,arduino opta mqtt parc,0,cstore,lift_station_dual_duplex,ck_2701280,CK280
circle-k-florida,ck-2701281,"Circle K #2701281 — Alachua",2701281,"380 FL-ALA Hwy, Alachua County, FL",alachua,29.847261484476096,-82.29771648021163,1,septic,simplex,1,1,mv_ck_2701281,arduino opta mqtt parc,0,cstore,lift_station_simplex,ck_2701281,CK281
circle-k-florida,ck-2701282,"Circle K #2701282 — Baker",2701282,"381 FL-BAK Hwy, Baker County, FL",baker,30.314296614007485,-82.3223672032338,1,septic,simplex,1,1,mv_ck_2701282,arduino opta mqtt parc,0,cstore,lift_station_simplex,ck_2701282,CK282
circle-k-florida,ck-2701283,"Circle K #2701283 — Bay",2701283,"382 FL-BAY Hwy, Bay County, FL",bay,30.082605126359887,-85.95919024887176,1,septic,simplex,1,1,mv_ck_2701283,arduino opta mqtt parc,0,cstore,lift_station_simplex,ck_2701283,CK283
circle-k-florida,ck-2701284,"Circle K #2701284 — Brevard",2701284,"383 FL-BRE Hwy, Brevard County, FL",brevard,28.323163005004833,-80.62262635513886,1,septic,simplex,1,1,mv_ck_2701284,arduino opta mqtt parc,0,cstore,lift_station_simplex,ck_2701284,CK284
circle-k-florida,ck-2701285,"Circle K #2701285 — Broward",2701285,"384 FL-BRO Hwy, Broward County, FL",broward,26.231704545437125,-79.99609573417526,1,septic,simplex,1,1,mv_ck_2701285,arduino opta mqtt parc,0,cstore,lift_station_simplex,ck_2701285,CK285
circle-k-florida,ck-2701286,"Circle K #2701286 — Charlotte",2701286,"385 FL-CHA Hwy, Charlotte County, FL",charlotte,27.052677327833898,-81.84806682273413,1,septic,simplex,1,1,mv_ck_2701286,arduino opta mqtt parc,0,cstore,lift_station_simplex,ck_2701286,CK286
circle-k-florida,ck-2701287,"Circle K #2701287 — Citrus",2701287,"386 FL-CIT Hwy, Citrus County, FL",citrus,28.87967466515915,-82.51535094580363,1,septic,simplex,1,1,mv_ck_2701287,arduino opta mqtt parc,0,cstore,lift_station_simplex,ck_2701287,CK287
circle-k-florida,ck-2701288,"Circle K #2701288 — Clay",2701288,"387 FL-CLA Hwy, Clay County, FL",clay,29.91277043958688,-81.75309820660246,1,septic,simplex,1,1,mv_ck_2701288,arduino opta mqtt parc,0,cstore,lift_station_simplex,ck_2701288,CK288
circle-k-florida,ck-2701289,"Circle K #2701289 — Collier",2701289,"388 FL-COL Hwy, Collier County, FL",collier,26.058391224492944,-81.35164576984155,1,septic,simplex,1,1,mv_ck_2701289,arduino opta mqtt parc,0,cstore,lift_station_simplex,ck_2701289,CK289
circle-k-florida,ck-2701290,"Circle K #2701290 — Columbia",2701290,"389 FL-COL Hwy, Columbia County, FL",columbia,30.27765972786808,-82.7916814371184,1,septic,simplex,1,1,mv_ck_2701290,arduino opta mqtt parc,0,cstore,lift_station_simplex,ck_2701290,CK290
circle-k-florida,ck-2701291,"Circle K #2701291 — Duval",2701291,"390 FL-DUV Hwy, Duval County, FL",duval,30.463996049623375,-81.81999463393265,1,septic,simplex,1,1,mv_ck_2701291,arduino opta mqtt parc,0,cstore,lift_station_simplex,ck_2701291,CK291
circle-k-florida,ck-2701292,"Circle K #2701292 — Escambia",2701292,"391 FL-ESC Hwy, Escambia County, FL",escambia,30.644482230332855,-87.40411076600869,1,septic,simplex,1,1,mv_ck_2701292,arduino opta mqtt parc,0,cstore,lift_station_simplex,ck_2701292,CK292
circle-k-florida,ck-2701293,"Circle K #2701293 — Flagler",2701293,"392 FL-FLA Hwy, Flagler County, FL",flagler,29.365546988159927,-81.41492832153098,1,septic,simplex,1,1,mv_ck_2701293,arduino opta mqtt parc,0,cstore,lift_station_simplex,ck_2701293,CK293
circle-k-florida,ck-2701294,"Circle K #2701294 — Hillsborough",2701294,"393 FL-HIL Hwy, Hillsborough County, FL",hillsborough,27.818715503592088,-82.2409230661562,1,septic,simplex,1,1,mv_ck_2701294,arduino opta mqtt parc,0,cstore,lift_station_simplex,ck_2701294,CK294
circle-k-florida,ck-2701295,"Circle K #2701295 — Indian River",2701295,"394 FL-IND Hwy, Indian River County, FL",indian-river,27.68007066554796,-80.65747010176315,1,septic,simplex,1,1,mv_ck_2701295,arduino opta mqtt parc,0,cstore,lift_station_simplex,ck_2701295,CK295
circle-k-florida,ck-2701296,"Circle K #2701296 — Lake",2701296,"395 FL-LAK Hwy, Lake County, FL",lake,28.77204131272077,-81.8302824573649,1,septic,simplex,1,1,mv_ck_2701296,arduino opta mqtt parc,0,cstore,lift_station_simplex,ck_2701296,CK296
circle-k-florida,ck-2701297,"Circle K #2701297 — Lee",2701297,"396 FL-LEE Hwy, Lee County, FL",lee,26.470689988071356,-81.94214616439915,1,septic,simplex,1,1,mv_ck_2701297,arduino opta mqtt parc,0,cstore,lift_station_simplex,ck_2701297,CK297
circle-k-florida,ck-2701298,"Circle K #2701298 — Leon",2701298,"397 FL-LEO Hwy, Leon County, FL",leon,30.53412725370645,-84.4271722394136,1,septic,simplex,1,1,mv_ck_2701298,arduino opta mqtt parc,0,cstore,lift_station_simplex,ck_2701298,CK298
circle-k-florida,ck-2701299,"Circle K #2701299 — Manatee",2701299,"398 FL-MAN Hwy, Manatee County, FL",manatee,27.378356076472578,-82.18910504501866,1,septic,simplex,1,1,mv_ck_2701299,arduino opta mqtt parc,0,cstore,lift_station_simplex,ck_2701299,CK299
circle-k-florida,ck-2701300,"Circle K #2701300 — Marion",2701300,"399 FL-MAR Hwy, Marion County, FL",marion,29.208326229871556,-82.19963702869327,1,septic,simplex,1,1,mv_ck_2701300,arduino opta mqtt parc,0,cstore,lift_station_simplex,ck_2701300,CK300
circle-k-florida,ck-2701301,"Circle K #2701301 — Martin",2701301,"400 FL-MAR Hwy, Martin County, FL",martin,27.20253011113325,-80.2156602808457,1,septic,simplex,1,1,mv_ck_2701301,arduino opta mqtt parc,0,cstore,lift_station_simplex,ck_2701301,CK301
circle-k-florida,ck-2701302,"Circle K #2701302 — Miami-Dade",2701302,"401 FL-MIA Hwy, Miami-Dade County, FL",miami-dade,25.687088849898952,-80.37073627811158,1,septic,simplex,1,1,mv_ck_2701302,arduino opta mqtt parc,0,cstore,lift_station_simplex,ck_2701302,CK302
circle-k-florida,ck-2701303,"Circle K #2701303 — Monroe",2701303,"402 FL-MON Hwy, Monroe County, FL",monroe,24.83552695695348,-81.17484034613003,1,septic,simplex,1,1,mv_ck_2701303,arduino opta mqtt parc,0,cstore,lift_station_simplex,ck_2701303,CK303
circle-k-florida,ck-2701304,"Circle K #2701304 — Nassau",2701304,"403 FL-NAS Hwy, Nassau County, FL",nassau,30.58685270196396,-81.87275202795223,1,septic,simplex,1,1,mv_ck_2701304,arduino opta mqtt parc,0,cstore,lift_station_simplex,ck_2701304,CK304
circle-k-florida,ck-2701305,"Circle K #2701305 — Okaloosa",2701305,"404 FL-OKA Hwy, Okaloosa County, FL",okaloosa,30.780847487026815,-86.50064888104879,1,septic,simplex,1,1,mv_ck_2701305,arduino opta mqtt parc,0,cstore,lift_station_simplex,ck_2701305,CK305
circle-k-florida,ck-2701306,"Circle K #2701306 — Orange",2701306,"405 FL-ORA Hwy, Orange County, FL",orange,28.576166730624266,-81.37347807417211,1,septic,simplex,1,1,mv_ck_2701306,arduino opta mqtt parc,0,cstore,lift_station_simplex,ck_2701306,CK306
circle-k-florida,ck-2701307,"Circle K #2701307 — Osceola",2701307,"406 FL-OSC Hwy, Osceola County, FL",osceola,27.902140792074118,-81.01881593828672,1,septic,simplex,1,1,mv_ck_2701307,arduino opta mqtt parc,0,cstore,lift_station_simplex,ck_2701307,CK307
circle-k-florida,ck-2701308,"Circle K #2701308 — Palm Beach",2701308,"407 FL-PAL Hwy, Palm Beach County, FL",palm-beach,26.805532962062234,-80.30379221023972,1,septic,simplex,1,1,mv_ck_2701308,arduino opta mqtt parc,0,cstore,lift_station_simplex,ck_2701308,CK308
circle-k-florida,ck-2701309,"Circle K #2701309 — Pasco",2701309,"408 FL-PAS Hwy, Pasco County, FL",pasco,28.457972890992124,-82.37098860939753,1,septic,simplex,1,1,mv_ck_2701309,arduino opta mqtt parc,0,cstore,lift_station_simplex,ck_2701309,CK309
circle-k-florida,ck-2701310,"Circle K #2701310 — Pinellas",2701310,"409 FL-PIN Hwy, Pinellas County, FL",pinellas,27.969236513664598,-82.87212415823323,1,septic,simplex,1,1,mv_ck_2701310,arduino opta mqtt parc,0,cstore,lift_station_simplex,ck_2701310,CK310
circle-k-florida,ck-2701311,"Circle K #2701311 — Polk",2701311,"410 FL-POL Hwy, Polk County, FL",polk,27.814507203126823,-81.97080014925666,1,septic,simplex,1,1,mv_ck_2701311,arduino opta mqtt parc,0,cstore,lift_station_simplex,ck_2701311,CK311
circle-k-florida,ck-2701312,"Circle K #2701312 — Putnam",2701312,"411 FL-PUT Hwy, Putnam County, FL",putnam,29.50170099773908,-81.73421412714355,1,septic,simplex,1,1,mv_ck_2701312,arduino opta mqtt parc,0,cstore,lift_station_simplex,ck_2701312,CK312
circle-k-florida,ck-2701313,"Circle K #2701313 — Santa Rosa",2701313,"412 FL-SAN Hwy, Santa Rosa County, FL",santa-rosa,30.498946387383906,-86.97334705072944,1,septic,simplex,1,1,mv_ck_2701313,arduino opta mqtt parc,0,cstore,lift_station_simplex,ck_2701313,CK313
circle-k-florida,ck-2701314,"Circle K #2701314 — Sarasota",2701314,"413 FL-SAR Hwy, Sarasota County, FL",sarasota,27.27468136408477,-82.27663555084307,1,septic,simplex,1,1,mv_ck_2701314,arduino opta mqtt parc,0,cstore,lift_station_simplex,ck_2701314,CK314
circle-k-florida,ck-2701315,"Circle K #2701315 — Seminole",2701315,"414 FL-SEM Hwy, Seminole County, FL",seminole,28.859460409374893,-81.38907431500733,1,septic,simplex,1,1,mv_ck_2701315,arduino opta mqtt parc,0,cstore,lift_station_simplex,ck_2701315,CK315
circle-k-florida,ck-2701316,"Circle K #2701316 — St. Johns",2701316,"415 FL-ST- Hwy, St. Johns County, FL",st-johns,30.05388996136369,-81.47801078231565,1,septic,simplex,1,1,mv_ck_2701316,arduino opta mqtt parc,0,cstore,lift_station_simplex,ck_2701316,CK316
circle-k-florida,ck-2701317,"Circle K #2701317 — St. Lucie",2701317,"416 FL-ST- Hwy, St. Lucie County, FL",st-lucie,27.32197253601694,-80.4796135737066,1,septic,simplex,1,1,mv_ck_2701317,arduino opta mqtt parc,0,cstore,lift_station_simplex,ck_2701317,CK317
circle-k-florida,ck-2701318,"Circle K #2701318 — Sumter",2701318,"417 FL-SUM Hwy, Sumter County, FL",sumter,28.82039061837167,-81.992962851547,1,septic,simplex,1,1,mv_ck_2701318,arduino opta mqtt parc,0,cstore,lift_station_simplex,ck_2701318,CK318
circle-k-florida,ck-2701319,"Circle K #2701319 — Volusia",2701319,"418 FL-VOL Hwy, Volusia County, FL",volusia,29.212390960595172,-81.27156286105229,1,septic,simplex,1,1,mv_ck_2701319,arduino opta mqtt parc,0,cstore,lift_station_simplex,ck_2701319,CK319
circle-k-florida,ck-2701320,"Circle K #2701320 — Walton",2701320,"419 FL-WAL Hwy, Walton County, FL",walton,30.477349194526173,-86.32497502983837,1,septic,simplex,1,1,mv_ck_2701320,arduino opta mqtt parc,0,cstore,lift_station_simplex,ck_2701320,CK320
circle-k-florida,ck-2701321,"Circle K #2701321 — Alachua",2701321,"420 FL-ALA Hwy, Alachua County, FL",alachua,29.676216894193043,-82.4391794797932,1,septic,simplex,1,1,mv_ck_2701321,arduino opta mqtt parc,0,cstore,lift_station_simplex,ck_2701321,CK321
circle-k-florida,ck-2701322,"Circle K #2701322 — Baker",2701322,"421 FL-BAK Hwy, Baker County, FL",baker,30.3073313985055,-82.25011233720197,1,septic,simplex,1,1,mv_ck_2701322,arduino opta mqtt parc,0,cstore,lift_station_simplex,ck_2701322,CK322
circle-k-florida,ck-2701323,"Circle K #2701323 — Bay",2701323,"422 FL-BAY Hwy, Bay County, FL",bay,30.0881200573901,-85.97090065154494,1,septic,simplex,1,1,mv_ck_2701323,arduino opta mqtt parc,0,cstore,lift_station_simplex,ck_2701323,CK323
circle-k-florida,ck-2701324,"Circle K #2701324 — Brevard",2701324,"423 FL-BRE Hwy, Brevard County, FL",brevard,28.24061648163774,-80.80219797820206,1,septic,simplex,1,1,mv_ck_2701324,arduino opta mqtt parc,0,cstore,lift_station_simplex,ck_2701324,CK324
circle-k-florida,ck-2701325,"Circle K #2701325 — Broward",2701325,"424 FL-BRO Hwy, Broward County, FL",broward,26.080059905455958,-80.15024604336556,1,septic,simplex,1,1,mv_ck_2701325,arduino opta mqtt parc,0,cstore,lift_station_simplex,ck_2701325,CK325
circle-k-florida,ck-2701326,"Circle K #2701326 — Charlotte",2701326,"425 FL-CHA Hwy, Charlotte County, FL",charlotte,26.814270672088185,-81.83931675693623,1,septic,simplex,1,1,mv_ck_2701326,arduino opta mqtt parc,0,cstore,lift_station_simplex,ck_2701326,CK326
circle-k-florida,ck-2701327,"Circle K #2701327 — Citrus",2701327,"426 FL-CIT Hwy, Citrus County, FL",citrus,28.999866245256747,-82.6085451600854,1,septic,simplex,1,1,mv_ck_2701327,arduino opta mqtt parc,0,cstore,lift_station_simplex,ck_2701327,CK327
circle-k-florida,ck-2701328,"Circle K #2701328 — Clay",2701328,"427 FL-CLA Hwy, Clay County, FL",clay,30.08137364468565,-81.89947995424686,1,septic,simplex,1,1,mv_ck_2701328,arduino opta mqtt parc,0,cstore,lift_station_simplex,ck_2701328,CK328
circle-k-florida,ck-2701329,"Circle K #2701329 — Collier",2701329,"428 FL-COL Hwy, Collier County, FL",collier,26.288301321143145,-81.27052980580359,1,septic,simplex,1,1,mv_ck_2701329,arduino opta mqtt parc,0,cstore,lift_station_simplex,ck_2701329,CK329
circle-k-florida,ck-2701330,"Circle K #2701330 — Columbia",2701330,"429 FL-COL Hwy, Columbia County, FL",columbia,30.14072041357524,-82.57422784003255,1,septic,simplex,1,1,mv_ck_2701330,arduino opta mqtt parc,0,cstore,lift_station_simplex,ck_2701330,CK330
circle-k-florida,ck-2701331,"Circle K #2701331 — Duval",2701331,"430 FL-DUV Hwy, Duval County, FL",duval,30.395062447025367,-81.74754580200532,1,septic,simplex,1,1,mv_ck_2701331,arduino opta mqtt parc,0,cstore,lift_station_simplex,ck_2701331,CK331
circle-k-florida,ck-2701332,"Circle K #2701332 — Escambia",2701332,"431 FL-ESC Hwy, Escambia County, FL",escambia,30.59410947176801,-87.30164991854618,1,septic,simplex,1,1,mv_ck_2701332,arduino opta mqtt parc,0,cstore,lift_station_simplex,ck_2701332,CK332
circle-k-florida,ck-2701333,"Circle K #2701333 — Flagler",2701333,"432 FL-FLA Hwy, Flagler County, FL",flagler,29.348293194495575,-81.34811472816354,1,septic,simplex,1,1,mv_ck_2701333,arduino opta mqtt parc,0,cstore,lift_station_simplex,ck_2701333,CK333
circle-k-florida,ck-2701334,"Circle K #2701334 — Hillsborough",2701334,"433 FL-HIL Hwy, Hillsborough County, FL",hillsborough,28.017942755602583,-82.20288765905117,1,septic,simplex,1,1,mv_ck_2701334,arduino opta mqtt parc,0,cstore,lift_station_simplex,ck_2701334,CK334
circle-k-florida,ck-2701335,"Circle K #2701335 — Indian River",2701335,"434 FL-IND Hwy, Indian River County, FL",indian-river,27.74007858789841,-80.74905015811586,1,septic,simplex,1,1,mv_ck_2701335,arduino opta mqtt parc,0,cstore,lift_station_simplex,ck_2701335,CK335
circle-k-florida,ck-2701336,"Circle K #2701336 — Lake",2701336,"435 FL-LAK Hwy, Lake County, FL",lake,28.62176575116822,-81.78636514505918,1,septic,simplex,1,1,mv_ck_2701336,arduino opta mqtt parc,0,cstore,lift_station_simplex,ck_2701336,CK336
circle-k-florida,ck-2701337,"Circle K #2701337 — Lee",2701337,"436 FL-LEE Hwy, Lee County, FL",lee,26.42536355329312,-82.03314036689245,1,septic,simplex,1,1,mv_ck_2701337,arduino opta mqtt parc,0,cstore,lift_station_simplex,ck_2701337,CK337
circle-k-florida,ck-2701338,"Circle K #2701338 — Leon",2701338,"437 FL-LEO Hwy, Leon County, FL",leon,30.44266666529275,-84.36037681663097,1,septic,simplex,1,1,mv_ck_2701338,arduino opta mqtt parc,0,cstore,lift_station_simplex,ck_2701338,CK338
circle-k-florida,ck-2701339,"Circle K #2701339 — Manatee",2701339,"438 FL-MAN Hwy, Manatee County, FL",manatee,27.33716864192675,-82.23919364484638,1,septic,simplex,1,1,mv_ck_2701339,arduino opta mqtt parc,0,cstore,lift_station_simplex,ck_2701339,CK339
circle-k-florida,ck-2701340,"Circle K #2701340 — Marion",2701340,"439 FL-MAR Hwy, Marion County, FL",marion,29.258105826375424,-82.03035010836476,1,septic,simplex,1,1,mv_ck_2701340,arduino opta mqtt parc,0,cstore,lift_station_simplex,ck_2701340,CK340
circle-k-florida,ck-2701341,"Circle K #2701341 — Martin",2701341,"440 FL-MAR Hwy, Martin County, FL",martin,27.164393493690273,-80.30634314413604,1,septic,simplex,1,1,mv_ck_2701341,arduino opta mqtt parc,0,cstore,lift_station_simplex,ck_2701341,CK341
circle-k-florida,ck-2701342,"Circle K #2701342 — Miami-Dade",2701342,"441 FL-MIA Hwy, Miami-Dade County, FL",miami-dade,25.54330218116826,-80.53840391361216,1,septic,simplex,1,1,mv_ck_2701342,arduino opta mqtt parc,0,cstore,lift_station_simplex,ck_2701342,CK342
circle-k-florida,ck-2701343,"Circle K #2701343 — Monroe",2701343,"442 FL-MON Hwy, Monroe County, FL",monroe,24.970025669782853,-81.02563036926381,1,septic,simplex,1,1,mv_ck_2701343,arduino opta mqtt parc,0,cstore,lift_station_simplex,ck_2701343,CK343
circle-k-florida,ck-2701344,"Circle K #2701344 — Nassau",2701344,"443 FL-NAS Hwy, Nassau County, FL",nassau,30.541605457466662,-81.77692675649774,1,septic,simplex,1,1,mv_ck_2701344,arduino opta mqtt parc,0,cstore,lift_station_simplex,ck_2701344,CK344
circle-k-florida,ck-2701345,"Circle K #2701345 — Okaloosa",2701345,"444 FL-OKA Hwy, Okaloosa County, FL",okaloosa,30.54580340103609,-86.74899827056232,1,septic,simplex,1,1,mv_ck_2701345,arduino opta mqtt parc,0,cstore,lift_station_simplex,ck_2701345,CK345
circle-k-florida,ck-2701346,"Circle K #2701346 — Orange",2701346,"445 FL-ORA Hwy, Orange County, FL",orange,28.681267869600983,-81.47150955571023,1,septic,simplex,1,1,mv_ck_2701346,arduino opta mqtt parc,0,cstore,lift_station_simplex,ck_2701346,CK346
circle-k-florida,ck-2701347,"Circle K #2701347 — Osceola",2701347,"446 FL-OSC Hwy, Osceola County, FL",osceola,27.93168509471556,-81.219103201568,1,septic,simplex,1,1,mv_ck_2701347,arduino opta mqtt parc,0,cstore,lift_station_simplex,ck_2701347,CK347
circle-k-florida,ck-2701348,"Circle K #2701348 — Palm Beach",2701348,"447 FL-PAL Hwy, Palm Beach County, FL",palm-beach,26.522032864261448,-80.31083612590686,1,septic,simplex,1,1,mv_ck_2701348,arduino opta mqtt parc,0,cstore,lift_station_simplex,ck_2701348,CK348
circle-k-florida,ck-2701349,"Circle K #2701349 — Pasco",2701349,"448 FL-PAS Hwy, Pasco County, FL",pasco,28.378541170518957,-82.58000478891519,1,septic,simplex,1,1,mv_ck_2701349,arduino opta mqtt parc,0,cstore,lift_station_simplex,ck_2701349,CK349
circle-k-florida,ck-2701350,"Circle K #2701350 — Pinellas",2701350,"449 FL-PIN Hwy, Pinellas County, FL",pinellas,27.95480470590564,-82.85735650799288,1,septic,simplex,1,1,mv_ck_2701350,arduino opta mqtt parc,0,cstore,lift_station_simplex,ck_2701350,CK350
circle-k-florida,ck-2701351,"Circle K #2701351 — Polk",2701351,"450 FL-POL Hwy, Polk County, FL",polk,28.011067031892207,-82.01635904971552,1,septic,simplex,1,1,mv_ck_2701351,arduino opta mqtt parc,0,cstore,lift_station_simplex,ck_2701351,CK351
circle-k-florida,ck-2701352,"Circle K #2701352 — Putnam",2701352,"451 FL-PUT Hwy, Putnam County, FL",putnam,29.603527869825836,-81.62306477171218,1,septic,simplex,1,1,mv_ck_2701352,arduino opta mqtt parc,0,cstore,lift_station_simplex,ck_2701352,CK352
circle-k-florida,ck-2701353,"Circle K #2701353 — Santa Rosa",2701353,"452 FL-SAN Hwy, Santa Rosa County, FL",santa-rosa,30.72117220795447,-87.16035526558575,1,septic,simplex,1,1,mv_ck_2701353,arduino opta mqtt parc,0,cstore,lift_station_simplex,ck_2701353,CK353
circle-k-florida,ck-2701354,"Circle K #2701354 — Sarasota",2701354,"453 FL-SAR Hwy, Sarasota County, FL",sarasota,27.29593486485917,-82.2763644942045,1,septic,simplex,1,1,mv_ck_2701354,arduino opta mqtt parc,0,cstore,lift_station_simplex,ck_2701354,CK354
circle-k-florida,ck-2701355,"Circle K #2701355 — Seminole",2701355,"454 FL-SEM Hwy, Seminole County, FL",seminole,28.67367478155267,-81.10677856298966,1,septic,simplex,1,1,mv_ck_2701355,arduino opta mqtt parc,0,cstore,lift_station_simplex,ck_2701355,CK355
circle-k-florida,ck-2701356,"Circle K #2701356 — St. Johns",2701356,"455 FL-ST- Hwy, St. Johns County, FL",st-johns,29.84886530550291,-81.25176998752656,1,septic,simplex,1,1,mv_ck_2701356,arduino opta mqtt parc,0,cstore,lift_station_simplex,ck_2701356,CK356
circle-k-florida,ck-2701357,"Circle K #2701357 — St. Lucie",2701357,"456 FL-ST- Hwy, St. Lucie County, FL",st-lucie,27.274174000852124,-80.30002268948284,1,septic,simplex,1,1,mv_ck_2701357,arduino opta mqtt parc,0,cstore,lift_station_simplex,ck_2701357,CK357
circle-k-florida,ck-2701358,"Circle K #2701358 — Sumter",2701358,"457 FL-SUM Hwy, Sumter County, FL",sumter,28.699264387358554,-82.23135345765108,1,septic,simplex,1,1,mv_ck_2701358,arduino opta mqtt parc,0,cstore,lift_station_simplex,ck_2701358,CK358
circle-k-florida,ck-2701359,"Circle K #2701359 — Volusia",2701359,"458 FL-VOL Hwy, Volusia County, FL",volusia,28.996429280358832,-81.36959971430288,1,septic,simplex,1,1,mv_ck_2701359,arduino opta mqtt parc,0,cstore,lift_station_simplex,ck_2701359,CK359
circle-k-florida,ck-2701360,"Circle K #2701360 — Walton",2701360,"459 FL-WAL Hwy, Walton County, FL",walton,30.531452560157355,-85.99734098532448,1,septic,simplex,1,1,mv_ck_2701360,arduino opta mqtt parc,0,cstore,lift_station_simplex,ck_2701360,CK360
circle-k-florida,ck-2701361,"Circle K #2701361 — Alachua",2701361,"460 FL-ALA Hwy, Alachua County, FL",alachua,29.74294294362646,-82.2925762702111,1,septic,simplex,1,1,mv_ck_2701361,arduino opta mqtt parc,0,cstore,lift_station_simplex,ck_2701361,CK361
circle-k-florida,ck-2701362,"Circle K #2701362 — Baker",2701362,"461 FL-BAK Hwy, Baker County, FL",baker,30.428874470104944,-82.16308023196834,1,septic,simplex,1,1,mv_ck_2701362,arduino opta mqtt parc,0,cstore,lift_station_simplex,ck_2701362,CK362
circle-k-florida,ck-2701363,"Circle K #2701363 — Bay",2701363,"462 FL-BAY Hwy, Bay County, FL",bay,30.24845476966539,-85.90270626977677,1,septic,simplex,1,1,mv_ck_2701363,arduino opta mqtt parc,0,cstore,lift_station_simplex,ck_2701363,CK363
circle-k-florida,ck-2701364,"Circle K #2701364 — Brevard",2701364,"463 FL-BRE Hwy, Brevard County, FL",brevard,28.139054341529476,-80.65484731375015,1,septic,simplex,1,1,mv_ck_2701364,arduino opta mqtt parc,0,cstore,lift_station_simplex,ck_2701364,CK364
circle-k-florida,ck-2701365,"Circle K #2701365 — Broward",2701365,"464 FL-BRO Hwy, Broward County, FL",broward,26.085609109418666,-80.16024590517115,1,septic,simplex,1,1,mv_ck_2701365,arduino opta mqtt parc,0,cstore,lift_station_simplex,ck_2701365,CK365
circle-k-florida,ck-2701366,"Circle K #2701366 — Charlotte",2701366,"465 FL-CHA Hwy, Charlotte County, FL",charlotte,27.081217898827106,-82.05112831120115,1,septic,simplex,1,1,mv_ck_2701366,arduino opta mqtt parc,0,cstore,lift_station_simplex,ck_2701366,CK366
circle-k-florida,ck-2701367,"Circle K #2701367 — Citrus",2701367,"466 FL-CIT Hwy, Citrus County, FL",citrus,28.877663958666787,-82.59030739038344,1,septic,simplex,1,1,mv_ck_2701367,arduino opta mqtt parc,0,cstore,lift_station_simplex,ck_2701367,CK367
circle-k-florida,ck-2701368,"Circle K #2701368 — Clay",2701368,"467 FL-CLA Hwy, Clay County, FL",clay,30.039984128340425,-81.95400016506207,1,septic,simplex,1,1,mv_ck_2701368,arduino opta mqtt parc,0,cstore,lift_station_simplex,ck_2701368,CK368
circle-k-florida,ck-2701369,"Circle K #2701369 — Collier",2701369,"468 FL-COL Hwy, Collier County, FL",collier,26.240195084359467,-81.36553233632797,1,septic,simplex,1,1,mv_ck_2701369,arduino opta mqtt parc,0,cstore,lift_station_simplex,ck_2701369,CK369
circle-k-florida,ck-2701370,"Circle K #2701370 — Columbia",2701370,"469 FL-COL Hwy, Columbia County, FL",columbia,30.362504421724974,-82.63099734646192,1,septic,simplex,1,1,mv_ck_2701370,arduino opta mqtt parc,0,cstore,lift_station_simplex,ck_2701370,CK370
circle-k-florida,ck-2701371,"Circle K #2701371 — Duval",2701371,"470 FL-DUV Hwy, Duval County, FL",duval,30.378340967456126,-81.55207669745658,1,septic,simplex,1,1,mv_ck_2701371,arduino opta mqtt parc,0,cstore,lift_station_simplex,ck_2701371,CK371
circle-k-florida,ck-2701372,"Circle K #2701372 — Escambia",2701372,"471 FL-ESC Hwy, Escambia County, FL",escambia,30.62104792442568,-87.44180616005215,1,septic,simplex,1,1,mv_ck_2701372,arduino opta mqtt parc,0,cstore,lift_station_simplex,ck_2701372,CK372
circle-k-florida,ck-2701373,"Circle K #2701373 — Flagler",2701373,"472 FL-FLA Hwy, Flagler County, FL",flagler,29.5961643453283,-81.44839431330101,1,septic,simplex,1,1,mv_ck_2701373,arduino opta mqtt parc,0,cstore,lift_station_simplex,ck_2701373,CK373
circle-k-florida,ck-2701374,"Circle K #2701374 — Hillsborough",2701374,"473 FL-HIL Hwy, Hillsborough County, FL",hillsborough,28.073351692536363,-82.3539576174546,1,septic,simplex,1,1,mv_ck_2701374,arduino opta mqtt parc,0,cstore,lift_station_simplex,ck_2701374,CK374
circle-k-florida,ck-2701375,"Circle K #2701375 — Indian River",2701375,"474 FL-IND Hwy, Indian River County, FL",indian-river,27.64185804685598,-80.61092481875644,1,septic,simplex,1,1,mv_ck_2701375,arduino opta mqtt parc,0,cstore,lift_station_simplex,ck_2701375,CK375
circle-k-florida,ck-2701376,"Circle K #2701376 — Lake",2701376,"475 FL-LAK Hwy, Lake County, FL",lake,28.85258759547099,-81.53751734174888,1,septic,simplex,1,1,mv_ck_2701376,arduino opta mqtt parc,0,cstore,lift_station_simplex,ck_2701376,CK376
circle-k-florida,ck-2701377,"Circle K #2701377 — Lee",2701377,"476 FL-LEE Hwy, Lee County, FL",lee,26.629808692091594,-81.92620861334656,1,septic,simplex,1,1,mv_ck_2701377,arduino opta mqtt parc,0,cstore,lift_station_simplex,ck_2701377,CK377
circle-k-florida,ck-2701378,"Circle K #2701378 — Leon",2701378,"477 FL-LEO Hwy, Leon County, FL",leon,30.541600144512092,-84.1693689624913,1,septic,simplex,1,1,mv_ck_2701378,arduino opta mqtt parc,0,cstore,lift_station_simplex,ck_2701378,CK378
circle-k-florida,ck-2701379,"Circle K #2701379 — Manatee",2701379,"478 FL-MAN Hwy, Manatee County, FL",manatee,27.33431143822618,-82.51972800315518,1,septic,simplex,1,1,mv_ck_2701379,arduino opta mqtt parc,0,cstore,lift_station_simplex,ck_2701379,CK379
circle-k-florida,ck-2701380,"Circle K #2701380 — Marion",2701380,"479 FL-MAR Hwy, Marion County, FL",marion,29.235080729693266,-82.07317651613076,1,septic,simplex,1,1,mv_ck_2701380,arduino opta mqtt parc,0,cstore,lift_station_simplex,ck_2701380,CK380
circle-k-florida,ck-2701381,"Circle K #2701381 — Martin",2701381,"480 FL-MAR Hwy, Martin County, FL",martin,26.998502491633165,-80.05551971054287,1,septic,simplex,1,1,mv_ck_2701381,arduino opta mqtt parc,0,cstore,lift_station_simplex,ck_2701381,CK381
circle-k-florida,ck-2701382,"Circle K #2701382 — Miami-Dade",2701382,"481 FL-MIA Hwy, Miami-Dade County, FL",miami-dade,25.56541247178824,-80.67086134881436,1,septic,simplex,1,1,mv_ck_2701382,arduino opta mqtt parc,0,cstore,lift_station_simplex,ck_2701382,CK382
circle-k-florida,ck-2701383,"Circle K #2701383 — Monroe",2701383,"482 FL-MON Hwy, Monroe County, FL",monroe,24.922971080908653,-80.91619753165641,1,septic,simplex,1,1,mv_ck_2701383,arduino opta mqtt parc,0,cstore,lift_station_simplex,ck_2701383,CK383
circle-k-florida,ck-2701384,"Circle K #2701384 — Nassau",2701384,"483 FL-NAS Hwy, Nassau County, FL",nassau,30.664914136981256,-81.6579622998184,1,septic,simplex,1,1,mv_ck_2701384,arduino opta mqtt parc,0,cstore,lift_station_simplex,ck_2701384,CK384
circle-k-florida,ck-2701385,"Circle K #2701385 — Okaloosa",2701385,"484 FL-OKA Hwy, Okaloosa County, FL",okaloosa,30.633304895817915,-86.7408089084125,1,septic,simplex,1,1,mv_ck_2701385,arduino opta mqtt parc,0,cstore,lift_station_simplex,ck_2701385,CK385
circle-k-florida,ck-2701386,"Circle K #2701386 — Orange",2701386,"485 FL-ORA Hwy, Orange County, FL",orange,28.63023226699321,-81.45288821711912,1,septic,simplex,1,1,mv_ck_2701386,arduino opta mqtt parc,0,cstore,lift_station_simplex,ck_2701386,CK386
circle-k-florida,ck-2701387,"Circle K #2701387 — Osceola",2701387,"486 FL-OSC Hwy, Osceola County, FL",osceola,27.916232162743512,-81.24807674561559,1,septic,simplex,1,1,mv_ck_2701387,arduino opta mqtt parc,0,cstore,lift_station_simplex,ck_2701387,CK387
circle-k-florida,ck-2701388,"Circle K #2701388 — Palm Beach",2701388,"487 FL-PAL Hwy, Palm Beach County, FL",palm-beach,26.580105420418903,-80.45784353495387,1,septic,simplex,1,1,mv_ck_2701388,arduino opta mqtt parc,0,cstore,lift_station_simplex,ck_2701388,CK388
circle-k-florida,ck-2701389,"Circle K #2701389 — Pasco",2701389,"488 FL-PAS Hwy, Pasco County, FL",pasco,28.27814380502753,-82.46317033516044,1,septic,simplex,1,1,mv_ck_2701389,arduino opta mqtt parc,0,cstore,lift_station_simplex,ck_2701389,CK389
circle-k-florida,ck-2701390,"Circle K #2701390 — Pinellas",2701390,"489 FL-PIN Hwy, Pinellas County, FL",pinellas,27.827532161224457,-82.59437879496959,1,septic,simplex,1,1,mv_ck_2701390,arduino opta mqtt parc,0,cstore,lift_station_simplex,ck_2701390,CK390
circle-k-florida,ck-2701391,"Circle K #2701391 — Polk",2701391,"490 FL-POL Hwy, Polk County, FL",polk,27.830148262499687,-81.74881674619043,1,septic,simplex,1,1,mv_ck_2701391,arduino opta mqtt parc,0,cstore,lift_station_simplex,ck_2701391,CK391
circle-k-florida,ck-2701392,"Circle K #2701392 — Putnam",2701392,"491 FL-PUT Hwy, Putnam County, FL",putnam,29.667868772778988,-81.87262635378131,1,septic,simplex,1,1,mv_ck_2701392,arduino opta mqtt parc,0,cstore,lift_station_simplex,ck_2701392,CK392
circle-k-florida,ck-2701393,"Circle K #2701393 — Santa Rosa",2701393,"492 FL-SAN Hwy, Santa Rosa County, FL",santa-rosa,30.64173924459304,-87.07836550092078,1,septic,simplex,1,1,mv_ck_2701393,arduino opta mqtt parc,0,cstore,lift_station_simplex,ck_2701393,CK393
circle-k-florida,ck-2701394,"Circle K #2701394 — Sarasota",2701394,"493 FL-SAR Hwy, Sarasota County, FL",sarasota,27.364513034268874,-82.37957236593664,1,septic,simplex,1,1,mv_ck_2701394,arduino opta mqtt parc,0,cstore,lift_station_simplex,ck_2701394,CK394
circle-k-florida,ck-2701395,"Circle K #2701395 — Seminole",2701395,"494 FL-SEM Hwy, Seminole County, FL",seminole,28.616145111716303,-81.21942163071175,1,septic,simplex,1,1,mv_ck_2701395,arduino opta mqtt parc,0,cstore,lift_station_simplex,ck_2701395,CK395
circle-k-florida,ck-2701396,"Circle K #2701396 — St. Johns",2701396,"495 FL-ST- Hwy, St. Johns County, FL",st-johns,29.982784459937626,-81.49620220098883,1,septic,simplex,1,1,mv_ck_2701396,arduino opta mqtt parc,0,cstore,lift_station_simplex,ck_2701396,CK396
circle-k-florida,ck-2701397,"Circle K #2701397 — St. Lucie",2701397,"496 FL-ST- Hwy, St. Lucie County, FL",st-lucie,27.42709897023301,-80.19077352577689,1,septic,simplex,1,1,mv_ck_2701397,arduino opta mqtt parc,0,cstore,lift_station_simplex,ck_2701397,CK397
circle-k-florida,ck-2701398,"Circle K #2701398 — Sumter",2701398,"497 FL-SUM Hwy, Sumter County, FL",sumter,28.78515224447455,-81.92702523045355,1,septic,simplex,1,1,mv_ck_2701398,arduino opta mqtt parc,0,cstore,lift_station_simplex,ck_2701398,CK398
circle-k-florida,ck-2701399,"Circle K #2701399 — Volusia",2701399,"498 FL-VOL Hwy, Volusia County, FL",volusia,29.03800539986606,-81.11579972085374,1,septic,simplex,1,1,mv_ck_2701399,arduino opta mqtt parc,0,cstore,lift_station_simplex,ck_2701399,CK399
circle-k-florida,ck-2701400,"Circle K #2701400 — Walton",2701400,"499 FL-WAL Hwy, Walton County, FL",walton,30.685199841457084,-86.32956457563427,1,septic,simplex,1,1,mv_ck_2701400,arduino opta mqtt parc,0,cstore,lift_station_simplex,ck_2701400,CK400
circle-k-florida,ck-2701401,"Circle K #2701401 — Alachua",2701401,"500 FL-ALA Hwy, Alachua County, FL",alachua,29.63525123603374,-82.44792822491293,0,,,1,1,mv_ck_2701401,unmonitored,0,cstore,,,
circle-k-florida,ck-2701402,"Circle K #2701402 — Baker",2701402,"501 FL-BAK Hwy, Baker County, FL",baker,30.41121235072656,-82.19436651058385,0,,,1,1,mv_ck_2701402,unmonitored,0,cstore,,,
circle-k-florida,ck-2701403,"Circle K #2701403 — Bay",2701403,"502 FL-BAY Hwy, Bay County, FL",bay,30.15808583004937,-86.10471629220761,0,,,1,1,mv_ck_2701403,unmonitored,0,cstore,,,
circle-k-florida,ck-2701404,"Circle K #2701404 — Brevard",2701404,"503 FL-BRE Hwy, Brevard County, FL",brevard,28.144437035825874,-80.64734285392075,0,,,1,1,mv_ck_2701404,unmonitored,0,cstore,,,
circle-k-florida,ck-2701405,"Circle K #2701405 — Broward",2701405,"504 FL-BRO Hwy, Broward County, FL",broward,26.23368721040558,-80.06402810897468,0,,,1,1,mv_ck_2701405,unmonitored,0,cstore,,,
circle-k-florida,ck-2701406,"Circle K #2701406 — Charlotte",2701406,"505 FL-CHA Hwy, Charlotte County, FL",charlotte,27.07692198344042,-81.90612958745116,0,,,1,1,mv_ck_2701406,unmonitored,0,cstore,,,
circle-k-florida,ck-2701407,"Circle K #2701407 — Citrus",2701407,"506 FL-CIT Hwy, Citrus County, FL",citrus,28.87324967701229,-82.62019596790041,0,,,1,1,mv_ck_2701407,unmonitored,0,cstore,,,
circle-k-florida,ck-2701408,"Circle K #2701408 — Clay",2701408,"507 FL-CLA Hwy, Clay County, FL",clay,29.92319962668133,-82.00471073228168,0,,,1,1,mv_ck_2701408,unmonitored,0,cstore,,,
circle-k-florida,ck-2701409,"Circle K #2701409 — Collier",2701409,"508 FL-COL Hwy, Collier County, FL",collier,26.220821233992226,-81.44563527063421,0,,,1,1,mv_ck_2701409,unmonitored,0,cstore,,,
circle-k-florida,ck-2701410,"Circle K #2701410 — Columbia",2701410,"509 FL-COL Hwy, Columbia County, FL",columbia,30.178426506777964,-82.69427040082091,0,,,1,1,mv_ck_2701410,unmonitored,0,cstore,,,
circle-k-florida,ck-2701411,"Circle K #2701411 — Duval",2701411,"510 FL-DUV Hwy, Duval County, FL",duval,30.429867665344165,-81.52637609396322,0,,,1,1,mv_ck_2701411,unmonitored,0,cstore,,,
circle-k-florida,ck-2701412,"Circle K #2701412 — Escambia",2701412,"511 FL-ESC Hwy, Escambia County, FL",escambia,30.46920346905243,-87.41788642434568,0,,,1,1,mv_ck_2701412,unmonitored,0,cstore,,,
circle-k-florida,ck-2701413,"Circle K #2701413 — Flagler",2701413,"512 FL-FLA Hwy, Flagler County, FL",flagler,29.599779800161137,-81.23510552934117,0,,,1,1,mv_ck_2701413,unmonitored,0,cstore,,,
circle-k-florida,ck-2701414,"Circle K #2701414 — Hillsborough",2701414,"513 FL-HIL Hwy, Hillsborough County, FL",hillsborough,27.825188269355188,-82.54003382546527,0,,,1,1,mv_ck_2701414,unmonitored,0,cstore,,,
circle-k-florida,ck-2701415,"Circle K #2701415 — Indian River",2701415,"514 FL-IND Hwy, Indian River County, FL",indian-river,27.572150312400975,-80.62745488305613,0,,,1,1,mv_ck_2701415,unmonitored,0,cstore,,,
circle-k-florida,ck-2701416,"Circle K #2701416 — Lake",2701416,"515 FL-LAK Hwy, Lake County, FL",lake,28.920504874997697,-81.73741085232862,0,,,1,1,mv_ck_2701416,unmonitored,0,cstore,,,
circle-k-florida,ck-2701417,"Circle K #2701417 — Lee",2701417,"516 FL-LEE Hwy, Lee County, FL",lee,26.67728640330734,-81.7912541908858,0,,,1,1,mv_ck_2701417,unmonitored,0,cstore,,,
circle-k-florida,ck-2701418,"Circle K #2701418 — Leon",2701418,"517 FL-LEO Hwy, Leon County, FL",leon,30.59084735117522,-84.41691016608415,0,,,1,1,mv_ck_2701418,unmonitored,0,cstore,,,
circle-k-florida,ck-2701419,"Circle K #2701419 — Manatee",2701419,"518 FL-MAN Hwy, Manatee County, FL",manatee,27.46967246140148,-82.48665853436006,0,,,1,1,mv_ck_2701419,unmonitored,0,cstore,,,
circle-k-florida,ck-2701420,"Circle K #2701420 — Marion",2701420,"519 FL-MAR Hwy, Marion County, FL",marion,29.035137616576787,-81.9520179724681,0,,,1,1,mv_ck_2701420,unmonitored,0,cstore,,,
circle-k-florida,ck-2701421,"Circle K #2701421 — Martin",2701421,"520 FL-MAR Hwy, Martin County, FL",martin,27.00395838754209,-80.03247893177789,0,,,1,1,mv_ck_2701421,unmonitored,0,cstore,,,
circle-k-florida,ck-2701422,"Circle K #2701422 — Miami-Dade",2701422,"521 FL-MIA Hwy, Miami-Dade County, FL",miami-dade,25.669731478456686,-80.37785377175521,0,,,1,1,mv_ck_2701422,unmonitored,0,cstore,,,
circle-k-florida,ck-2701423,"Circle K #2701423 — Monroe",2701423,"522 FL-MON Hwy, Monroe County, FL",monroe,24.70589729162325,-81.16115359184164,0,,,1,1,mv_ck_2701423,unmonitored,0,cstore,,,
circle-k-florida,ck-2701424,"Circle K #2701424 — Nassau",2701424,"523 FL-NAS Hwy, Nassau County, FL",nassau,30.662024572556707,-81.65168389507832,0,,,1,1,mv_ck_2701424,unmonitored,0,cstore,,,
circle-k-florida,ck-2701425,"Circle K #2701425 — Okaloosa",2701425,"524 FL-OKA Hwy, Okaloosa County, FL",okaloosa,30.752043082452715,-86.6547476134221,0,,,1,1,mv_ck_2701425,unmonitored,0,cstore,,,
circle-k-florida,ck-2701426,"Circle K #2701426 — Orange",2701426,"525 FL-ORA Hwy, Orange County, FL",orange,28.63774874183042,-81.30331557865176,0,,,1,1,mv_ck_2701426,unmonitored,0,cstore,,,
circle-k-florida,ck-2701427,"Circle K #2701427 — Osceola",2701427,"526 FL-OSC Hwy, Osceola County, FL",osceola,27.991376312054985,-81.05593359909477,0,,,1,1,mv_ck_2701427,unmonitored,0,cstore,,,
circle-k-florida,ck-2701428,"Circle K #2701428 — Palm Beach",2701428,"527 FL-PAL Hwy, Palm Beach County, FL",palm-beach,26.76587886136683,-80.52394594308885,0,,,1,1,mv_ck_2701428,unmonitored,0,cstore,,,
circle-k-florida,ck-2701429,"Circle K #2701429 — Pasco",2701429,"528 FL-PAS Hwy, Pasco County, FL",pasco,28.469486630989586,-82.48008606573003,0,,,1,1,mv_ck_2701429,unmonitored,0,cstore,,,
circle-k-florida,ck-2701430,"Circle K #2701430 — Pinellas",2701430,"529 FL-PIN Hwy, Pinellas County, FL",pinellas,27.9594434160811,-82.87095092023955,0,,,1,1,mv_ck_2701430,unmonitored,0,cstore,,,
circle-k-florida,ck-2701431,"Circle K #2701431 — Polk",2701431,"530 FL-POL Hwy, Polk County, FL",polk,27.889243553606843,-81.73090643500034,0,,,1,1,mv_ck_2701431,unmonitored,0,cstore,,,
circle-k-florida,ck-2701432,"Circle K #2701432 — Putnam",2701432,"531 FL-PUT Hwy, Putnam County, FL",putnam,29.710502829354468,-81.67773883750391,0,,,1,1,mv_ck_2701432,unmonitored,0,cstore,,,
circle-k-florida,ck-2701433,"Circle K #2701433 — Santa Rosa",2701433,"532 FL-SAN Hwy, Santa Rosa County, FL",santa-rosa,30.624900524768083,-87.15149076804728,0,,,1,1,mv_ck_2701433,unmonitored,0,cstore,,,
circle-k-florida,ck-2701434,"Circle K #2701434 — Sarasota",2701434,"533 FL-SAR Hwy, Sarasota County, FL",sarasota,27.15738768452154,-82.22740673535698,0,,,1,1,mv_ck_2701434,unmonitored,0,cstore,,,
circle-k-florida,ck-2701435,"Circle K #2701435 — Seminole",2701435,"534 FL-SEM Hwy, Seminole County, FL",seminole,28.884740679858094,-81.0857225126794,0,,,1,1,mv_ck_2701435,unmonitored,0,cstore,,,
circle-k-florida,ck-2701436,"Circle K #2701436 — St. Johns",2701436,"535 FL-ST- Hwy, St. Johns County, FL",st-johns,29.94692977527209,-81.28808768632614,0,,,1,1,mv_ck_2701436,unmonitored,0,cstore,,,
circle-k-florida,ck-2701437,"Circle K #2701437 — St. Lucie",2701437,"536 FL-ST- Hwy, St. Lucie County, FL",st-lucie,27.391588677616483,-80.35700870139428,0,,,1,1,mv_ck_2701437,unmonitored,0,cstore,,,
circle-k-florida,ck-2701438,"Circle K #2701438 — Sumter",2701438,"537 FL-SUM Hwy, Sumter County, FL",sumter,28.80947528445694,-82.04406978033435,0,,,1,1,mv_ck_2701438,unmonitored,0,cstore,,,
circle-k-florida,ck-2701439,"Circle K #2701439 — Volusia",2701439,"538 FL-VOL Hwy, Volusia County, FL",volusia,29.147171974194507,-81.18763682306917,0,,,1,1,mv_ck_2701439,unmonitored,0,cstore,,,
circle-k-florida,ck-2701440,"Circle K #2701440 — Walton",2701440,"539 FL-WAL Hwy, Walton County, FL",walton,30.601738615331612,-86.19688634320022,0,,,1,1,mv_ck_2701440,unmonitored,0,cstore,,,
circle-k-florida,ck-2701441,"Circle K #2701441 — Alachua",2701441,"540 FL-ALA Hwy, Alachua County, FL",alachua,29.528690622620545,-82.35981639980785,0,,,1,1,mv_ck_2701441,unmonitored,0,cstore,,,
circle-k-florida,ck-2701442,"Circle K #2701442 — Baker",2701442,"541 FL-BAK Hwy, Baker County, FL",baker,30.479967652313512,-82.12808614382556,0,,,1,1,mv_ck_2701442,unmonitored,0,cstore,,,
circle-k-florida,ck-2701443,"Circle K #2701443 — Bay",2701443,"542 FL-BAY Hwy, Bay County, FL",bay,30.36925630144897,-86.09437366893658,0,,,1,1,mv_ck_2701443,unmonitored,0,cstore,,,
circle-k-florida,ck-2701444,"Circle K #2701444 — Brevard",2701444,"543 FL-BRE Hwy, Brevard County, FL",brevard,28.1844220208472,-80.83611840413994,0,,,1,1,mv_ck_2701444,unmonitored,0,cstore,,,
circle-k-florida,ck-2701445,"Circle K #2701445 — Broward",2701445,"544 FL-BRO Hwy, Broward County, FL",broward,26.0973317488372,-80.11646443530441,0,,,1,1,mv_ck_2701445,unmonitored,0,cstore,,,
circle-k-florida,ck-2701446,"Circle K #2701446 — Charlotte",2701446,"545 FL-CHA Hwy, Charlotte County, FL",charlotte,26.87736649911509,-81.9417097912805,0,,,1,1,mv_ck_2701446,unmonitored,0,cstore,,,
circle-k-florida,ck-2701447,"Circle K #2701447 — Citrus",2701447,"546 FL-CIT Hwy, Citrus County, FL",citrus,28.854005501943764,-82.5891343224138,0,,,1,1,mv_ck_2701447,unmonitored,0,cstore,,,
circle-k-florida,ck-2701448,"Circle K #2701448 — Clay",2701448,"547 FL-CLA Hwy, Clay County, FL",clay,30.113533473166886,-81.98124801656218,0,,,1,1,mv_ck_2701448,unmonitored,0,cstore,,,
circle-k-florida,ck-2701449,"Circle K #2701449 — Collier",2701449,"548 FL-COL Hwy, Collier County, FL",collier,26.1608910238129,-81.34180628307188,0,,,1,1,mv_ck_2701449,unmonitored,0,cstore,,,
circle-k-florida,ck-2701450,"Circle K #2701450 — Columbia",2701450,"549 FL-COL Hwy, Columbia County, FL",columbia,30.268383276616646,-82.78033409074366,0,,,1,1,mv_ck_2701450,unmonitored,0,cstore,,,
circle-k-florida,ck-2701451,"Circle K #2701451 — Duval",2701451,"550 FL-DUV Hwy, Duval County, FL",duval,30.23143271122538,-81.79074396392741,0,,,1,1,mv_ck_2701451,unmonitored,0,cstore,,,
circle-k-florida,ck-2701452,"Circle K #2701452 — Escambia",2701452,"551 FL-ESC Hwy, Escambia County, FL",escambia,30.495563658937122,-87.35990974443304,0,,,1,1,mv_ck_2701452,unmonitored,0,cstore,,,
circle-k-florida,ck-2701453,"Circle K #2701453 — Flagler",2701453,"552 FL-FLA Hwy, Flagler County, FL",flagler,29.49295106321268,-81.17794039233003,0,,,1,1,mv_ck_2701453,unmonitored,0,cstore,,,
circle-k-florida,ck-2701454,"Circle K #2701454 — Hillsborough",2701454,"553 FL-HIL Hwy, Hillsborough County, FL",hillsborough,27.893070582830827,-82.49765630483036,0,,,1,1,mv_ck_2701454,unmonitored,0,cstore,,,
circle-k-florida,ck-2701455,"Circle K #2701455 — Indian River",2701455,"554 FL-IND Hwy, Indian River County, FL",indian-river,27.578256766648103,-80.59259419174182,0,,,1,1,mv_ck_2701455,unmonitored,0,cstore,,,
circle-k-florida,ck-2701456,"Circle K #2701456 — Lake",2701456,"555 FL-LAK Hwy, Lake County, FL",lake,28.727051326105663,-81.75262596916649,0,,,1,1,mv_ck_2701456,unmonitored,0,cstore,,,
circle-k-florida,ck-2701457,"Circle K #2701457 — Lee",2701457,"556 FL-LEE Hwy, Lee County, FL",lee,26.485044828840458,-82.04704993474344,0,,,1,1,mv_ck_2701457,unmonitored,0,cstore,,,
circle-k-florida,ck-2701458,"Circle K #2701458 — Leon",2701458,"557 FL-LEO Hwy, Leon County, FL",leon,30.411997095114025,-84.3501688658213,0,,,1,1,mv_ck_2701458,unmonitored,0,cstore,,,
circle-k-florida,ck-2701459,"Circle K #2701459 — Manatee",2701459,"558 FL-MAN Hwy, Manatee County, FL",manatee,27.38796100538339,-82.38515305129833,0,,,1,1,mv_ck_2701459,unmonitored,0,cstore,,,
circle-k-florida,ck-2701460,"Circle K #2701460 — Marion",2701460,"559 FL-MAR Hwy, Marion County, FL",marion,29.1389140189992,-82.1102889733581,0,,,1,1,mv_ck_2701460,unmonitored,0,cstore,,,
circle-k-florida,ck-2701461,"Circle K #2701461 — Martin",2701461,"560 FL-MAR Hwy, Martin County, FL",martin,26.90278929266726,-80.16773263199015,0,,,1,1,mv_ck_2701461,unmonitored,0,cstore,,,
circle-k-florida,ck-2701462,"Circle K #2701462 — Miami-Dade",2701462,"561 FL-MIA Hwy, Miami-Dade County, FL",miami-dade,25.658885517688702,-80.33246194805312,0,,,1,1,mv_ck_2701462,unmonitored,0,cstore,,,
circle-k-florida,ck-2701463,"Circle K #2701463 — Monroe",2701463,"562 FL-MON Hwy, Monroe County, FL",monroe,24.691883654604,-80.87845977852444,0,,,1,1,mv_ck_2701463,unmonitored,0,cstore,,,
circle-k-florida,ck-2701464,"Circle K #2701464 — Nassau",2701464,"563 FL-NAS Hwy, Nassau County, FL",nassau,30.47936643080351,-81.91253259131378,0,,,1,1,mv_ck_2701464,unmonitored,0,cstore,,,
circle-k-florida,ck-2701465,"Circle K #2701465 — Okaloosa",2701465,"564 FL-OKA Hwy, Okaloosa County, FL",okaloosa,30.5295145417466,-86.75852806094575,0,,,1,1,mv_ck_2701465,unmonitored,0,cstore,,,
circle-k-florida,ck-2701466,"Circle K #2701466 — Orange",2701466,"565 FL-ORA Hwy, Orange County, FL",orange,28.59467770001362,-81.46960018695883,0,,,1,1,mv_ck_2701466,unmonitored,0,cstore,,,
circle-k-florida,ck-2701467,"Circle K #2701467 — Osceola",2701467,"566 FL-OSC Hwy, Osceola County, FL",osceola,28.21882535554591,-81.20990583156197,0,,,1,1,mv_ck_2701467,unmonitored,0,cstore,,,
circle-k-florida,ck-2701468,"Circle K #2701468 — Palm Beach",2701468,"567 FL-PAL Hwy, Palm Beach County, FL",palm-beach,26.796771935717533,-80.51137708526352,0,,,1,1,mv_ck_2701468,unmonitored,0,cstore,,,
circle-k-florida,ck-2701469,"Circle K #2701469 — Pasco",2701469,"568 FL-PAS Hwy, Pasco County, FL",pasco,28.237542429319575,-82.25769791594031,0,,,1,1,mv_ck_2701469,unmonitored,0,cstore,,,
circle-k-florida,ck-2701470,"Circle K #2701470 — Pinellas",2701470,"569 FL-PIN Hwy, Pinellas County, FL",pinellas,27.761867897375936,-82.61216019510248,0,,,1,1,mv_ck_2701470,unmonitored,0,cstore,,,
circle-k-florida,ck-2701471,"Circle K #2701471 — Polk",2701471,"570 FL-POL Hwy, Polk County, FL",polk,27.97280835280876,-81.90293765491622,0,,,1,1,mv_ck_2701471,unmonitored,0,cstore,,,
circle-k-florida,ck-2701472,"Circle K #2701472 — Putnam",2701472,"571 FL-PUT Hwy, Putnam County, FL",putnam,29.749878880284072,-81.68281588536881,0,,,1,1,mv_ck_2701472,unmonitored,0,cstore,,,
circle-k-florida,ck-2701473,"Circle K #2701473 — Santa Rosa",2701473,"572 FL-SAN Hwy, Santa Rosa County, FL",santa-rosa,30.605473737254247,-86.91000072247343,0,,,1,1,mv_ck_2701473,unmonitored,0,cstore,,,
circle-k-florida,ck-2701474,"Circle K #2701474 — Sarasota",2701474,"573 FL-SAR Hwy, Sarasota County, FL",sarasota,27.09028232514063,-82.28009171977116,0,,,1,1,mv_ck_2701474,unmonitored,0,cstore,,,
circle-k-florida,ck-2701475,"Circle K #2701475 — Seminole",2701475,"574 FL-SEM Hwy, Seminole County, FL",seminole,28.719350363116078,-81.18487807840641,0,,,1,1,mv_ck_2701475,unmonitored,0,cstore,,,
circle-k-florida,ck-2701476,"Circle K #2701476 — St. Johns",2701476,"575 FL-ST- Hwy, St. Johns County, FL",st-johns,29.799778551298573,-81.26193455620748,0,,,1,1,mv_ck_2701476,unmonitored,0,cstore,,,
circle-k-florida,ck-2701477,"Circle K #2701477 — St. Lucie",2701477,"576 FL-ST- Hwy, St. Lucie County, FL",st-lucie,27.314638785971464,-80.23831134341327,0,,,1,1,mv_ck_2701477,unmonitored,0,cstore,,,
circle-k-florida,ck-2701478,"Circle K #2701478 — Sumter",2701478,"577 FL-SUM Hwy, Sumter County, FL",sumter,28.745146567507792,-81.96679425553407,0,,,1,1,mv_ck_2701478,unmonitored,0,cstore,,,
circle-k-florida,ck-2701479,"Circle K #2701479 — Volusia",2701479,"578 FL-VOL Hwy, Volusia County, FL",volusia,29.21144599111886,-81.1368525971573,0,,,1,1,mv_ck_2701479,unmonitored,0,cstore,,,
circle-k-florida,ck-2701480,"Circle K #2701480 — Walton",2701480,"579 FL-WAL Hwy, Walton County, FL",walton,30.656217385979776,-86.1090972560492,0,,,1,1,mv_ck_2701480,unmonitored,0,cstore,,,
circle-k-florida,ck-2701481,"Circle K #2701481 — Alachua",2701481,"580 FL-ALA Hwy, Alachua County, FL",alachua,29.505517256067673,-82.3233092775656,0,,,1,1,mv_ck_2701481,unmonitored,0,cstore,,,
circle-k-florida,ck-2701482,"Circle K #2701482 — Baker",2701482,"581 FL-BAK Hwy, Baker County, FL",baker,30.485829276146482,-82.12052694672819,0,,,1,1,mv_ck_2701482,unmonitored,0,cstore,,,
circle-k-florida,ck-2701483,"Circle K #2701483 — Bay",2701483,"582 FL-BAY Hwy, Bay County, FL",bay,30.380175981385797,-85.92766108347227,0,,,1,1,mv_ck_2701483,unmonitored,0,cstore,,,
circle-k-florida,ck-2701484,"Circle K #2701484 — Brevard",2701484,"583 FL-BRE Hwy, Brevard County, FL",brevard,28.16733641503383,-80.64352904202076,0,,,1,1,mv_ck_2701484,unmonitored,0,cstore,,,
circle-k-florida,ck-2701485,"Circle K #2701485 — Broward",2701485,"584 FL-BRO Hwy, Broward County, FL",broward,26.272961915775404,-80.08845606432821,0,,,1,1,mv_ck_2701485,unmonitored,0,cstore,,,
circle-k-florida,ck-2701486,"Circle K #2701486 — Charlotte",2701486,"585 FL-CHA Hwy, Charlotte County, FL",charlotte,26.810725062502694,-81.77603531049746,0,,,1,1,mv_ck_2701486,unmonitored,0,cstore,,,
circle-k-florida,ck-2701487,"Circle K #2701487 — Citrus",2701487,"586 FL-CIT Hwy, Citrus County, FL",citrus,28.705888659421223,-82.40316671261851,0,,,1,1,mv_ck_2701487,unmonitored,0,cstore,,,
circle-k-florida,ck-2701488,"Circle K #2701488 — Clay",2701488,"587 FL-CLA Hwy, Clay County, FL",clay,29.849901373011733,-81.80876932478118,0,,,1,1,mv_ck_2701488,unmonitored,0,cstore,,,
circle-k-florida,ck-2701489,"Circle K #2701489 — Collier",2701489,"588 FL-COL Hwy, Collier County, FL",collier,26.180434582925475,-81.42271796271037,0,,,1,1,mv_ck_2701489,unmonitored,0,cstore,,,
circle-k-florida,ck-2701490,"Circle K #2701490 — Columbia",2701490,"589 FL-COL Hwy, Columbia County, FL",columbia,30.139509300947132,-82.56951056815677,0,,,1,1,mv_ck_2701490,unmonitored,0,cstore,,,
circle-k-florida,ck-2701491,"Circle K #2701491 — Duval",2701491,"590 FL-DUV Hwy, Duval County, FL",duval,30.35235961291058,-81.63129996156357,0,,,1,1,mv_ck_2701491,unmonitored,0,cstore,,,
circle-k-florida,ck-2701492,"Circle K #2701492 — Escambia",2701492,"591 FL-ESC Hwy, Escambia County, FL",escambia,30.524324818832415,-87.39213312791036,0,,,1,1,mv_ck_2701492,unmonitored,0,cstore,,,
circle-k-florida,ck-2701493,"Circle K #2701493 — Flagler",2701493,"592 FL-FLA Hwy, Flagler County, FL",flagler,29.56299039537583,-81.17427694185379,0,,,1,1,mv_ck_2701493,unmonitored,0,cstore,,,
circle-k-florida,ck-2701494,"Circle K #2701494 — Hillsborough",2701494,"593 FL-HIL Hwy, Hillsborough County, FL",hillsborough,27.785279866996262,-82.49726928826136,0,,,1,1,mv_ck_2701494,unmonitored,0,cstore,,,
circle-k-florida,ck-2701495,"Circle K #2701495 — Indian River",2701495,"594 FL-IND Hwy, Indian River County, FL",indian-river,27.667804587464836,-80.55645101053373,0,,,1,1,mv_ck_2701495,unmonitored,0,cstore,,,
circle-k-florida,ck-2701496,"Circle K #2701496 — Lake",2701496,"595 FL-LAK Hwy, Lake County, FL",lake,28.64275626513894,-81.85540401337288,0,,,1,1,mv_ck_2701496,unmonitored,0,cstore,,,
circle-k-florida,ck-2701497,"Circle K #2701497 — Lee",2701497,"596 FL-LEE Hwy, Lee County, FL",lee,26.550991240036367,-81.95032102844364,0,,,1,1,mv_ck_2701497,unmonitored,0,cstore,,,
circle-k-florida,ck-2701498,"Circle K #2701498 — Leon",2701498,"597 FL-LEO Hwy, Leon County, FL",leon,30.528754061287675,-84.15677016052973,0,,,1,1,mv_ck_2701498,unmonitored,0,cstore,,,
circle-k-florida,ck-2701499,"Circle K #2701499 — Manatee",2701499,"598 FL-MAN Hwy, Manatee County, FL",manatee,27.337593681485945,-82.17023467970023,0,,,1,1,mv_ck_2701499,unmonitored,0,cstore,,,
circle-k-florida,ck-2701500,"Circle K #2701500 — Marion",2701500,"599 FL-MAR Hwy, Marion County, FL",marion,29.12662540798566,-81.98489124853305,0,,,1,1,mv_ck_2701500,unmonitored,0,cstore,,,
